-4,-2,5,23,18,2,1,-9,1652970185.4640872
-2,0,10,74,48,7,7,-3,1652970185.4640872
0,0,-7,-43,-19,-13,-20,4,1652970185.4800427
-3,-2,0,2,30,7,4,1,1652970185.4800427
-1,-1,-5,-6,-6,-3,-5,-2,1652970185.4800427
-1,-2,-5,-23,-6,5,5,-5,1652970185.4800427
0,1,8,26,-22,-1,5,16,1652970185.4950016
-4,-3,-3,-22,27,-6,-7,-24,1652970185.4950016
2,2,0,1,-45,1,1,-1,1652970185.5069392
-4,-2,-3,-4,18,-5,0,-6,1652970185.5069392
1,2,3,14,31,5,2,0,1652970185.523586
-1,0,-6,-38,-63,-6,1,7,1652970185.523586
-3,1,3,39,21,-1,-5,-13,1652970185.523586
0,-1,0,-8,14,6,4,14,1652970185.523586
0,1,-1,6,34,2,-7,-5,1652970185.54556
3,0,-1,-19,2,-3,-7,-9,1652970185.54556
-1,-3,-1,-22,-35,-4,-2,13,1652970185.5574853
-2,1,8,40,-2,2,-1,0,1652970185.5574853
-4,-2,2,49,26,4,4,-4,1652970185.5574853
0,0,7,28,-3,-1,2,5,1652970185.5574853
-3,-3,-10,-52,18,-3,-3,-4,1652970185.5655005
4,0,-1,-44,-11,-3,-2,-1,1652970185.5655005
0,-1,-7,-17,-33,2,4,1,1652970185.5814705
-1,1,3,19,43,-2,-4,-1,1652970185.5814705
0,-1,2,25,-6,-2,5,0,1652970185.5814705
-2,-1,-4,-3,-3,-8,-7,0,1652970185.5814705
-2,-2,6,-3,-6,2,-1,-5,1652970185.6033623
1,-1,-1,-6,1,7,2,8,1652970185.6033623
1,0,2,7,19,2,-4,-4,1652970185.6033623
0,-1,1,-3,-5,2,-7,-2,1652970185.6033623
-1,-2,-2,12,-14,-5,9,9,1652970185.6163712
1,-1,-6,-34,-3,-4,-8,-3,1652970185.6163712
-3,0,4,30,26,1,-1,-1,1652970185.6233091
-1,-2,-7,-12,-17,-1,-3,0,1652970185.6233091
6,3,0,-6,5,-5,-8,-10,1652970185.6383028
-4,0,2,27,11,4,14,0,1652970185.6383028
2,-4,-8,-24,-50,-3,2,-2,1652970185.6383028
-2,-1,-1,7,4,0,-4,1,1652970185.6383028
-3,-1,-7,-41,-34,-1,0,1,1652970185.6672347
1,-1,1,19,-8,-6,-4,1,1652970185.6672347
-2,1,2,-5,33,3,-15,-9,1652970185.6672347
-7,-1,1,-1,6,1,20,-5,1652970185.6672347
12,-2,-3,-20,12,3,-7,18,1652970185.6752026
2,-9,-1,-5,-25,-7,5,-20,1652970185.6752026
-18,12,2,14,18,-1,3,47,1652970185.6841826
4,3,-4,-8,9,-5,-35,-22,1652970185.6841826
-10,5,-1,-1,-1,-1,9,-9,1652970185.7001486
2,0,1,-4,-12,-1,-1,4,1652970185.7001486
5,-9,-7,-36,1,-11,-13,-17,1652970185.7001486
-8,-3,0,22,2,10,20,10,1652970185.7001486
1,-3,2,10,-32,-7,-8,-5,1652970185.7270644
-2,2,-2,-7,19,4,2,4,1652970185.730055
-2,-4,1,18,20,-2,4,-14,1652970185.730055
1,-1,-1,26,14,-1,4,6,1652970185.730055
3,-4,-7,-59,34,-1,-7,2,1652970185.7350433
-1,0,3,-34,-77,-3,7,7,1652970185.737005
-2,-1,-2,15,41,-2,-2,-6,1652970185.7529964
1,-3,0,36,-6,-2,1,-2,1652970185.7529964
0,-5,1,30,11,6,7,0,1652970185.7579837
1,-4,2,14,5,0,-12,2,1652970185.7599776
-8,4,-4,-49,0,3,4,-3,1652970185.765962
11,9,2,-1,-40,-9,-9,5,1652970185.765962
-8,2,0,6,-1,-2,-14,-2,1652970185.786906
1,-3,-2,17,19,4,25,-3,1652970185.786906
5,-3,1,10,-36,-1,6,-2,1652970185.786906
-11,-13,-10,-39,24,2,2,-5,1652970185.786906
2,1,0,5,6,1,-3,5,1652970185.7938862
-2,3,-1,-16,12,-4,-10,-2,1652970185.7938862
0,-3,5,30,5,2,5,-4,1652970185.802862
3,4,3,6,-90,-19,-11,2,1652970185.802862
-2,-3,-2,-5,38,8,18,5,1652970185.8218212
-5,-4,-8,8,29,23,-5,3,1652970185.8218212
-1,-1,0,-6,-16,-18,4,-14,1652970185.8218212
3,-1,-8,-58,27,5,-11,6,1652970185.8218212
-6,-1,3,22,-28,-7,-1,-10,1652970185.8427227
-4,-2,-6,2,-3,-6,4,2,1652970185.8427227
7,1,1,4,3,5,-12,6,1652970185.8427227
-3,-3,3,19,6,4,3,-15,1652970185.8427227
7,0,2,0,-19,-6,-11,-12,1652970185.8527281
-9,2,-8,-29,16,-2,-2,9,1652970185.8527281
4,-3,4,9,-12,1,-5,-6,1652970185.8597124
-11,-4,1,0,-6,-4,3,6,1652970185.8597124
8,-3,-1,-11,17,-1,4,14,1652970185.878626
2,4,4,30,11,3,-4,-26,1652970185.878626
0,5,1,3,-14,3,9,-1,1652970185.886637
1,1,-2,-14,31,-1,-12,3,1652970185.886637
-3,2,3,26,16,4,0,-1,1652970185.9006007
2,-3,-6,-22,38,6,20,14,1652970185.9006007
-2,-5,-7,-22,-103,-10,4,-2,1652970185.907584
-2,-1,5,18,49,1,11,2,1652970185.907584
-5,-3,-6,-52,-25,3,-5,-10,1652970185.919517
-1,-2,4,38,-2,-5,-5,-4,1652970185.919517
-4,-4,-3,6,34,1,-15,3,1652970185.9275389
5,3,0,3,-20,1,3,-4,1652970185.9275389
-7,-4,-2,8,29,-5,8,-2,1652970185.9355073
2,2,2,-2,-33,-7,-2,1,1652970185.9355073
1,0,2,12,13,6,-6,2,1652970185.9434528
-1,-2,-11,-51,-5,-4,-7,-7,1652970185.9434528
-5,-2,-3,-5,-10,-1,-3,-5,1652970185.961406
-1,-1,-3,-19,-14,-2,7,-3,1652970185.9674232
2,0,-1,0,-1,-3,-21,8,1652970185.9694228
7,-1,5,22,11,8,9,18,1652970185.9694228
-11,0,8,41,42,6,6,-15,1652970185.9773617
2,6,5,-4,-54,-8,-10,2,1652970185.9773617
-7,-18,-9,3,32,6,18,-13,1652970185.9853404
19,9,-3,-12,1,-6,-45,4,1652970185.9853404
-11,6,-4,-15,-33,-10,-7,0,1652970186.0013306
0,2,6,16,29,-1,-7,3,1652970186.0013306
2,4,1,-7,3,4,6,-7,1652970186.0013306
-8,-9,-4,4,21,-2,4,-3,1652970186.0013306
4,-2,-2,-2,-9,1,-6,-1,1652970186.0282586
-1,1,-4,-4,-24,-6,-8,-3,1652970186.0282586
-2,1,5,37,37,3,0,3,1652970186.0282586
-4,-1,-1,-25,-19,7,21,-2,1652970186.0282586
3,0,-1,21,-10,-9,0,2,1652970186.100063
0,-4,-8,-44,9,25,5,3,1652970186.100063
2,0,-5,-8,-24,-19,-8,-6,1652970186.100063
-4,0,2,19,-15,-2,6,2,1652970186.100063
1,0,-2,-15,-2,6,2,2,1652970186.100063
-1,-4,-3,-31,-6,3,-5,1,1652970186.100063
2,3,7,51,21,1,0,2,1652970186.100063
-4,-1,3,0,-10,-2,1,-12,1652970186.100063
-2,-4,-4,1,-9,-8,1,-2,1652970186.100063
0,-2,-2,-4,4,-8,-5,1,1652970186.100063
-3,0,-2,13,12,6,6,0,1652970186.100063
-2,-3,-5,9,28,-2,1,12,1652970186.100063
2,1,1,16,24,5,0,-24,1652970186.128022
2,2,-3,-65,-37,-11,-8,-1,1652970186.128022
0,2,-2,-17,-39,-4,0,-2,1652970186.128022
-4,-2,-2,15,4,-3,-5,-5,1652970186.128022
1,-4,-1,8,32,1,-2,9,1652970186.128022
0,0,2,22,1,-13,-10,0,1652970186.128022
-6,-1,1,-10,9,20,18,-3,1652970186.1469936
-2,0,-4,-4,-18,1,7,0,1652970186.1479933
4,1,-2,-5,-20,-3,-12,-4,1652970186.1609933
-1,-2,-1,14,21,-8,-6,-13,1652970186.1609933
6,2,-1,-34,4,2,12,26,1652970186.1609933
-2,-2,5,30,-6,3,-6,-7,1652970186.1609933
-1,-2,2,10,-20,-4,6,5,1652970186.1912003
-1,0,2,24,12,-4,-4,-5,1652970186.1961882
-1,-1,-6,8,26,23,-2,-8,1652970186.1961882
-3,2,-4,-32,-35,-28,1,-3,1652970186.1961882
-2,-1,5,-12,14,10,1,-1,1652970186.1961882
-2,-4,-3,8,-47,-21,-2,4,1652970186.1961882
0,-1,-9,-42,-11,-8,-4,-1,1652970186.1961882
1,1,0,-28,23,6,1,-4,1652970186.1961882
-1,-2,3,29,17,0,-3,4,1652970186.2241476
-2,-1,-4,-20,-25,-1,0,1,1652970186.2241476
0,2,11,64,33,-2,1,-1,1652970186.2241476
-1,-4,-4,-13,-32,-3,-15,-3,1652970186.2241476
2,2,0,-42,-1,-7,11,0,1652970186.2241476
-3,-8,-4,11,41,30,10,19,1652970186.2241476
-3,-1,-4,-21,-44,-17,-7,-32,1652970186.2241476
6,3,1,14,30,10,1,1,1652970186.2241476
-7,-3,-4,1,-30,-2,-1,-5,1652970186.281012
1,3,1,15,14,-2,6,3,1652970186.281012
-1,-1,-1,-4,-8,-8,-13,-3,1652970186.281012
-4,-2,3,31,26,5,18,3,1652970186.281012
1,-2,-7,-48,-11,-6,-14,9,1652970186.2880247
-2,-2,-3,5,-4,-4,-2,-4,1652970186.2880247
0,-1,0,-1,4,-2,-3,7,1652970186.2880247
2,3,4,-6,-28,1,3,-4,1652970186.2880247
-1,-2,-4,57,16,-1,1,1,1652970186.2880247
-2,-3,-5,-65,-10,-7,-4,-4,1652970186.2880247
-1,0,-2,10,28,-5,-3,1,1652970186.2880247
-2,-2,-7,-38,-49,-2,-4,-2,1652970186.2880247
2,0,2,4,19,3,4,1,1652970186.3232937
-1,1,2,20,-1,-2,-1,-4,1652970186.3232937
0,1,5,11,-7,6,4,4,1652970186.3232937
-3,-2,-5,-23,19,1,-4,-2,1652970186.3232937
0,0,-5,0,11,-3,-7,0,1652970186.3232937
-1,-1,2,26,12,5,10,-3,1652970186.3232937
-3,-5,-3,23,-11,-1,1,4,1652970186.3232937
0,-2,-3,-37,-9,15,-2,-1,1652970186.3232937
0,-1,-3,-4,-4,-31,-10,-4,1652970186.3447468
-1,0,-3,2,4,5,6,0,1652970186.3447468
-5,-5,-3,-24,-5,0,-1,2,1652970186.3447468
-1,0,4,19,-20,-14,-2,-2,1652970186.3447468
3,3,0,4,25,19,3,1,1652970186.3597064
1,0,4,-2,-23,-7,-7,-2,1652970186.3597064
2,-1,0,4,10,6,0,16,1652970186.3676844
-6,-7,-3,50,28,-7,-6,-29,1652970186.3676844
-3,-2,-3,-44,-23,2,6,0,1652970186.3866334
1,2,2,30,2,-9,-4,-1,1652970186.3866334
2,2,0,-32,-9,15,-1,5,1652970186.3866334
2,2,4,28,22,1,0,4,1652970186.3866334
-1,0,0,-22,-3,3,3,2,1652970186.4035883
-1,-3,-5,-9,8,9,5,0,1652970186.4035883
-3,-1,1,-8,-45,-11,-6,-6,1652970186.4035883
1,0,1,27,14,0,-1,2,1652970186.4035883
-3,-3,-6,-54,-39,-7,-3,-9,1652970186.418549
2,0,0,4,28,3,-4,13,1652970186.418549
0,2,1,14,13,0,17,-2,1652970186.423535
2,-2,-1,5,2,-2,-13,9,1652970186.426527
1,3,5,19,-14,8,6,5,1652970186.4824376
-5,-3,-5,-17,-28,-15,-18,-11,1652970186.4824376
0,-1,1,2,9,-4,0,-6,1652970186.4824376
1,3,-3,-34,4,-2,3,3,1652970186.4824376
-1,-2,4,22,-9,1,-10,-6,1652970186.4824376
2,0,0,6,-2,6,-2,-3,1652970186.4824376
-3,-2,-5,-6,11,-28,-5,-4,1652970186.4824376
-4,-3,-4,12,-13,-1,4,1,1652970186.4824376
2,2,8,-6,0,-1,2,3,1652970186.4824376
-3,-3,-6,7,-27,-11,1,-4,1652970186.4824376
2,-3,-11,-20,11,6,-4,-1,1652970186.4824376
-2,-1,5,-7,-9,0,2,2,1652970186.4824376
0,0,2,2,3,-8,-4,-1,1652970186.4990647
0,2,6,1,12,6,2,-2,1652970186.4990647
6,1,4,35,12,3,0,10,1652970186.5060806
-5,-4,-6,-7,36,0,-2,-8,1652970186.5060806
-1,-3,-1,11,-2,4,2,-4,1652970186.5240421
0,-2,-3,-25,-19,-4,-1,2,1652970186.5240421
-4,0,-5,-27,-18,1,-5,-9,1652970186.5290198
0,3,5,15,8,1,0,4,1652970186.5290198
-1,-1,-3,2,-4,-1,0,1,1652970186.537996
-3,-4,-1,11,7,-3,3,-3,1652970186.5399961
1,-2,-1,-2,8,6,1,3,1652970186.5479388
1,0,-1,-8,-7,-1,-2,-2,1652970186.5479388
0,-1,-3,-1,-28,-8,-4,-2,1652970186.559938
1,2,4,28,37,10,-7,-1,1652970186.559938
-6,-2,6,30,-16,-2,-6,-5,1652970186.561933
-2,-3,-10,-91,-22,-6,0,0,1652970186.561933
2,1,-6,-18,-8,6,6,1,1652970186.581847
0,-1,-6,-5,17,5,7,0,1652970186.581847
-1,1,8,45,-4,-5,-4,-11,1652970186.589858
-3,-4,-3,1,-28,-4,-1,5,1652970186.589858
-2,-3,-3,51,77,25,3,2,1652970186.596843
-1,-1,1,-4,-10,-27,-2,-1,1652970186.596843
-1,-1,-3,-1,3,2,-1,-1,1652970186.6038196
0,2,4,30,7,4,5,-3,1652970186.6038196
-1,-1,-2,-18,-28,-1,-3,-2,1652970186.622779
-1,1,3,-26,12,5,-3,1,1652970186.622779
1,0,-6,-18,10,0,0,-1,1652970186.62676
0,-2,2,22,-30,-8,0,0,1652970186.62676
-2,-1,1,-4,23,1,-7,-2,1652970186.644711
-3,-2,-3,16,-1,7,9,5,1652970186.644711
0,-1,-5,-35,-25,-11,-9,-7,1652970186.644711
4,2,3,8,20,9,6,6,1652970186.644711
-7,-1,3,28,-10,-6,-1,-4,1652970186.6596706
1,-1,0,-4,-14,-2,-12,-5,1652970186.6596706
-2,-4,-2,-10,36,13,5,4,1652970186.670665
-1,2,-1,11,-12,-6,-4,-2,1652970186.670665
4,2,0,-5,-15,-16,4,4,1652970186.6786213
-1,-1,0,20,1,-4,3,-2,1652970186.6786213
2,1,-4,-24,13,31,3,3,1652970186.6786213
-4,-3,-1,-6,21,-12,-7,-4,1652970186.685602
-2,-4,1,-15,-8,-8,-2,1,1652970186.7055473
0,1,-5,-22,-5,3,0,-2,1652970186.707542
-3,1,3,17,-37,-16,-6,-2,1652970186.707542
1,0,0,27,7,2,4,1,1652970186.707542
-3,-2,-5,-9,-3,6,2,-2,1652970186.7154882
0,-1,0,4,1,1,-1,-1,1652970186.7154882
1,0,1,-4,-2,-7,1,2,1652970186.7275014
-2,-1,-4,-34,-18,5,-3,-2,1652970186.7275014
-1,-1,-2,-4,10,-7,-1,-2,1652970186.7414534
0,0,0,-9,-18,0,-10,-2,1652970186.7414534
-2,-1,-3,-11,-3,-12,-1,2,1652970186.7414534
-1,-1,3,3,-22,0,4,1,1652970186.7414534
2,-1,2,10,0,6,2,-1,1652970186.7623978
-1,1,4,8,6,-7,7,2,1652970186.7623978
0,0,1,15,-23,-3,-14,10,1652970186.765355
-3,-1,-4,-8,26,4,-4,-12,1652970186.7703776
-2,0,-3,-9,-40,-7,1,3,1652970186.7823453
-2,-3,-3,-4,12,10,-6,-7,1652970186.7823453
-1,-3,-1,-7,4,-4,2,2,1652970186.784336
4,1,0,-2,12,0,-1,4,1652970186.784336
-1,1,4,5,2,7,3,-2,1652970186.7982664
2,1,1,-4,15,0,-3,6,1652970186.7982664
-2,-1,-1,-6,-19,-5,0,-5,1652970186.803286
-4,-4,-6,3,18,2,-3,-2,1652970186.803286
-1,-2,-2,26,14,-4,-2,-2,1652970186.8238382
-1,2,4,27,-5,-6,2,3,1652970186.8238382
-1,0,1,-30,-6,2,4,-1,1652970186.831773
1,0,-1,-7,1,3,-1,-4,1652970186.831773
1,0,-5,-3,-34,-10,-4,1,1652970186.8367925
0,-2,-5,-16,8,2,2,0,1652970186.8367925
0,0,-1,-7,29,1,-2,-3,1652970186.8457708
-1,-1,2,14,-23,-6,-4,-1,1652970186.8457708
-3,-1,1,58,27,7,5,0,1652970186.8607287
-1,-5,0,-22,-27,-12,-4,-3,1652970186.8607287
-1,-1,-8,-20,-11,3,1,-4,1652970186.8607287
-1,4,-1,-1,4,2,2,3,1652970186.8607287
0,-2,-3,-22,-16,0,-5,5,1652970186.886662
0,2,1,11,20,3,-3,-7,1652970186.8876567
-3,-1,3,16,10,-2,-1,1,1652970186.8876567
1,-4,-3,-16,-10,4,2,4,1652970186.8876567
2,1,3,14,2,-3,0,-2,1652970186.8946373
-4,-4,-4,-2,-22,-2,3,1,1652970186.8946373
0,-1,-2,-3,9,-10,-8,-10,1652970186.902617
-2,1,3,9,18,6,2,-1,1652970186.902617
-1,-2,-2,-16,-6,3,2,-4,1652970186.9285572
-1,0,-4,3,20,6,2,4,1652970186.9285572
1,-1,-3,-4,-20,-3,3,0,1652970186.9285572
0,-1,3,3,-20,-12,-4,-3,1652970186.9285572
1,1,0,1,13,7,0,4,1652970186.9435253
1,1,0,-24,9,-9,-2,-2,1652970186.9435253
-1,-2,-3,8,-39,-2,1,1,1652970186.9435253
-2,-2,-3,7,18,5,-1,-1,1652970186.9435253
-3,-4,-6,-55,-12,1,-3,-2,1652970186.9654508
2,2,2,25,4,1,0,-1,1652970186.9654508
-2,0,0,-4,9,0,6,-10,1652970186.9654508
0,-2,-6,-19,-3,-3,-10,8,1652970186.9654508
-2,1,0,-3,-1,-6,0,-4,1652970186.9834013
-1,0,7,41,16,1,1,0,1652970186.9834013
0,-3,1,23,25,8,-5,2,1652970186.9834013
-2,1,1,0,-29,-7,1,-7,1652970186.9834013
-2,-2,-4,-13,31,-5,-1,-2,1652970187.0043454
0,0,-3,-15,13,12,-1,-1,1652970187.0043454
2,1,4,9,-8,5,9,3,1652970187.0043454
-1,-2,-5,-5,11,-3,1,-3,1652970187.0043454
1,1,-2,3,0,0,-3,-1,1652970187.0282817
-1,-1,-2,5,-28,-4,0,0,1652970187.0282817
-2,-1,0,3,22,-1,-1,0,1652970187.0282817
-1,0,4,-14,-6,0,1,0,1652970187.0282817
-1,0,4,14,4,-3,-4,-3,1652970187.0432448
-1,-2,-4,10,1,1,0,-1,1652970187.0432448
0,-2,-11,-46,-10,-1,1,4,1652970187.0432448
2,-1,-1,5,2,1,-2,-3,1652970187.0432448
0,-2,-4,8,10,1,1,19,1652970187.0631545
-4,-4,-4,-15,-13,-2,-1,-31,1652970187.0631545
-1,-1,0,4,-10,-1,-1,2,1652970187.065149
1,0,3,7,-9,-1,-3,-2,1652970187.065149
-2,-4,0,-3,4,-2,4,-3,1652970187.0841324
-1,-1,3,21,13,1,-4,8,1652970187.0841324
2,2,-6,-35,-20,-2,-3,1,1652970187.0911155
-3,-3,-3,-10,17,-13,-3,-2,1652970187.0911155
-1,0,0,13,-19,1,-4,-5,1652970187.1050823
-1,0,-2,-15,-8,-6,-1,7,1652970187.1050823
-3,-2,-1,-18,-8,4,-1,-9,1652970187.1100621
2,-1,0,46,-2,-3,-2,2,1652970187.1100621
0,0,1,11,13,-15,-1,-4,1652970187.124037
-1,0,0,-2,7,-1,0,2,1652970187.124037
0,3,4,23,16,-2,-3,3,1652970187.1320043
0,-1,-1,-1,11,1,3,-1,1652970187.1320043
1,-3,-3,-19,-35,-1,-2,-3,1652970187.1459653
1,1,-2,16,-14,-3,-2,-1,1652970187.1459653
-1,-2,-5,-41,-1,-2,0,1,1652970187.1459653
-3,0,-2,-13,-5,8,1,0,1652970187.1459653
-2,0,0,0,8,-1,-2,-4,1652970187.1599307
6,1,2,-9,2,3,-2,2,1652970187.1599307
5,1,4,15,5,-2,-1,3,1652970187.16691
-11,-2,-2,-1,-9,-4,-3,-3,1652970187.16691
0,-1,-1,-3,3,4,6,6,1652970187.1858265
-2,-2,-2,-17,-19,-4,6,1,1652970187.1858265
2,-1,2,29,39,13,-6,19,1652970187.1858265
4,2,-4,-12,-12,-6,-14,-28,1652970187.1858265
-2,-3,-3,7,13,1,4,26,1652970187.223186
-1,2,4,-4,-6,1,4,2,1652970187.223186
-4,-3,-2,-17,-8,-4,0,-4,1652970187.223186
1,1,3,27,30,7,8,9,1652970187.223186
-3,-3,-3,-19,-3,-1,-4,-13,1652970187.223186
0,-3,-6,-9,-40,-7,-3,-5,1652970187.223186
0,0,4,17,-10,-2,0,-3,1652970187.2281969
0,-1,1,-8,-15,-4,0,0,1652970187.2281969
0,-1,-4,0,11,-1,-3,-8,1652970187.242156
-2,1,-2,19,-1,-4,-2,4,1652970187.242156
-2,0,-4,-17,-13,-7,-1,-8,1652970187.2451482
-1,-5,-4,-58,11,5,1,6,1652970187.2451482
-3,-2,2,37,0,3,-3,-5,1652970187.2700822
-1,1,2,-5,9,3,2,3,1652970187.2700822
-1,-1,2,24,-7,-13,-9,-5,1652970187.2700822
-1,0,-2,6,-4,8,14,4,1652970187.2700822
-2,-1,-6,-37,-11,1,2,-5,1652970187.2770648
-2,-2,1,1,41,8,-6,-1,1652970187.2770648
0,-3,-3,15,1,-2,3,7,1652970187.2850432
-1,0,0,-2,-26,-7,-3,-6,1652970187.2850432
1,1,2,33,28,13,1,-5,1652970187.3099434
-3,-3,-8,-53,-3,-35,-4,-6,1652970187.3099434
1,-1,2,6,12,4,3,7,1652970187.3099434
-1,-1,0,5,-1,-7,-5,5,1652970187.3099434
0,1,0,-27,-23,-3,0,-4,1652970187.3239493
0,-1,2,15,-6,10,1,0,1652970187.3239493
-2,-3,-2,13,-2,-1,-3,-15,1652970187.3239493
-2,-1,-1,10,-6,2,12,8,1652970187.3239493
1,0,0,1,-5,-5,-8,-7,1652970187.3379421
1,-3,-1,-10,6,4,4,18,1652970187.3379421
-3,-2,-1,-8,-14,1,-1,-3,1652970187.383086
-3,-1,-2,18,-2,0,-1,-2,1652970187.383086
1,1,-1,-15,-4,-5,2,5,1652970187.40507
-1,-2,-1,3,-15,-5,-11,-10,1652970187.40507
-2,-1,2,8,8,6,3,-6,1652970187.40507
1,0,1,22,27,0,-4,2,1652970187.40507
0,-1,-3,-40,-10,-5,-2,-3,1652970187.40507
-2,-1,-1,8,-6,3,-1,-2,1652970187.40507
1,1,1,0,8,-5,0,-1,1652970187.40507
1,1,-1,-11,-13,-13,-8,-2,1652970187.40507
0,1,6,10,-7,12,3,3,1652970187.40507
-5,-3,-6,14,23,9,2,-6,1652970187.40507
-2,-1,-3,-11,7,-3,-2,-1,1652970187.4278495
-3,-3,-3,1,-10,-6,-1,1,1652970187.4278495
-1,-1,1,9,17,5,2,-1,1652970187.4278495
1,1,1,-6,1,6,-1,1,1652970187.4278495
0,-1,-6,-14,-4,-18,-6,-2,1652970187.4278495
3,0,0,-17,-24,1,-3,11,1652970187.4278495
-3,-3,0,39,-16,-3,2,-17,1652970187.4862533
-2,-2,0,19,20,4,-3,-3,1652970187.4862533
-3,-2,-1,-3,-3,-3,0,-6,1652970187.4862533
1,1,-1,-2,25,12,7,7,1652970187.4862533
-2,0,-1,-4,-8,-10,-13,-3,1652970187.4982085
-1,1,2,-4,-19,2,-1,-2,1652970187.4982085
2,1,0,10,11,2,1,1,1652970187.4982085
-1,-2,-1,-6,7,-1,-6,-7,1652970187.4982085
0,-1,-3,-8,26,7,20,9,1652970187.4982085
4,-1,-5,-7,-28,-14,-15,2,1652970187.4982085
-1,-1,0,12,-5,7,3,5,1652970187.4982085
-2,-3,-2,-5,-3,-2,-3,-5,1652970187.4982085
0,-1,1,-10,-13,1,-1,-1,1652970187.5256824
-1,0,-3,-17,8,-3,1,0,1652970187.5256824
0,0,-1,-11,-52,-9,0,1,1652970187.5256824
-1,-1,0,11,49,15,2,-5,1652970187.5256824
0,-1,3,38,20,-7,-7,0,1652970187.5386422
-2,-3,-6,-40,-10,-1,4,-2,1652970187.5436301
0,-1,-7,-31,-49,2,-1,0,1652970187.5436301
1,-2,-2,-3,2,6,2,-3,1652970187.5436301
-2,-1,0,-1,16,-8,-5,-1,1652970187.553402
0,-1,3,13,-10,-5,-1,-1,1652970187.553402
1,1,5,17,19,5,1,-4,1652970187.5643876
0,0,-2,-22,-38,-16,-3,0,1652970187.5643876
0,-1,1,8,3,3,-2,2,1652970187.5683653
-1,-1,-1,12,-3,2,3,-2,1652970187.5683653
1,-2,-2,-9,7,-2,-1,13,1652970187.5683653
-4,-1,1,7,2,5,-3,-24,1652970187.5683653
-2,-2,-4,-24,-31,4,-8,3,1652970187.5773408
0,3,6,8,8,2,10,-2,1652970187.5773408
-1,-3,-1,15,27,1,0,-2,1652970187.6513517
0,1,0,-2,-14,-7,2,3,1652970187.6513517
0,-2,-1,4,3,0,-1,0,1652970187.6513517
-3,-3,-9,-48,-18,3,-2,-3,1652970187.6513517
-2,-4,-4,-4,-14,0,-2,0,1652970187.6513517
0,0,3,49,20,4,-1,3,1652970187.6513517
-3,-1,0,0,-15,-22,-3,-3,1652970187.6513517
-1,-3,3,32,42,20,3,3,1652970187.6513517
-3,-1,-1,-22,-25,0,-1,-7,1652970187.6513517
-1,-1,-5,-17,-27,-6,-2,1,1652970187.6513517
-1,-1,-4,1,-1,-1,-2,0,1652970187.6922336
4,2,3,0,4,-3,0,3,1652970187.6922336
-2,0,-1,-9,4,-2,-3,-2,1652970187.6922336
0,-1,2,13,12,-4,-5,1,1652970187.701199
2,0,-3,-8,-10,1,1,1,1652970187.705188
-1,0,0,6,3,-5,-1,-1,1652970187.705188
-2,0,-1,0,2,-2,0,-4,1652970187.705188
-1,-3,-1,-8,-6,1,0,3,1652970187.705188
0,-1,0,5,17,-1,-4,-2,1652970187.705188
-1,0,-2,-12,-4,-1,-1,-1,1652970187.705188
1,1,1,6,-21,-2,10,0,1652970187.705188
-1,-4,0,-1,22,1,-20,7,1652970187.705188
0,0,0,-5,-22,0,6,-2,1652970187.7061558
-1,-1,1,4,-9,0,-1,-1,1652970187.7061558
-1,-2,-2,7,16,-1,-2,-2,1652970187.7440548
1,1,0,-19,1,-2,2,0,1652970187.7440548
2,1,1,-6,4,-3,1,0,1652970187.7440548
-3,-2,0,30,7,1,-4,-1,1652970187.7440548
-1,-1,1,12,21,-3,-9,-6,1652970187.7440548
-1,-1,-2,-15,-1,6,4,-2,1652970187.7440548
1,-2,-5,3,-30,-29,-8,7,1652970187.7600489
-1,-1,-1,-5,3,-2,2,-4,1652970187.7600489
-1,-1,4,-1,3,-5,-2,-2,1652970187.7600489
-1,-1,-3,-20,-31,2,4,0,1652970187.7600489
0,1,0,3,23,3,-1,-5,1652970187.771018
1,-1,-2,-9,-18,-10,-3,4,1652970187.774014
0,0,1,8,5,0,-1,2,1652970187.774014
-2,0,0,-9,-5,10,3,-5,1652970187.774014
0,-1,-1,-13,9,10,2,3,1652970187.7849848
0,0,0,12,-4,0,0,-1,1652970187.7849848
-2,-1,-1,0,20,2,-4,-3,1652970187.7849848
-1,0,1,11,-9,-7,3,2,1652970187.7849848
-2,-3,-2,-7,28,1,-6,-3,1652970187.857494
-4,-1,-2,-12,-61,2,4,-1,1652970187.857494
-2,1,3,8,-1,0,1,-2,1652970187.857494
-1,-1,-2,9,-13,-2,2,1,1652970187.857494
-1,-2,-4,-14,4,3,-1,-3,1652970187.857494
-1,-1,1,2,15,-5,-2,-4,1652970187.857494
1,1,-3,-13,-4,0,1,2,1652970187.857494
-2,0,0,18,-18,-7,6,-3,1652970187.857494
-2,-2,3,6,8,8,-13,3,1652970187.8584461
-1,-2,3,14,39,5,-1,1,1652970187.8584461
-1,-3,-2,10,-22,-4,-6,1,1652970187.8584461
0,1,4,3,16,-8,-4,-2,1652970187.8584461
-3,0,3,-4,-13,0,4,-5,1652970187.8744423
-1,-2,-4,-10,-5,-5,-3,0,1652970187.8744423
0,-2,-6,-14,21,11,4,2,1652970187.8744423
-1,0,1,-9,3,3,-3,-2,1652970187.8744423
-1,0,1,13,-35,-4,3,-1,1652970187.8834152
0,-1,-3,-12,-6,-9,-4,-1,1652970187.8834152
1,-2,-3,3,-4,0,3,-1,1652970187.8873982
-1,-1,-2,-11,11,9,0,2,1652970187.8873982
-1,0,-1,-1,13,6,3,-1,1652970187.903368
-1,-2,-2,6,-2,-5,-5,1,1652970187.9063466
-1,0,2,0,29,-3,-5,1,1652970187.9063466
-1,0,1,-9,-18,-2,6,-4,1652970187.9063466
-3,-2,2,13,9,0,-4,-3,1652970187.9772003
1,1,-1,4,13,0,7,-2,1652970187.9772003
-1,0,-1,-6,-7,1,-4,5,1652970187.9772003
-1,-1,-3,3,-6,-5,-4,1,1652970187.9772003
0,1,-1,-11,10,1,3,-4,1652970187.9772003
0,1,0,13,3,1,-1,3,1652970187.9772003
-1,0,-1,-23,-40,-9,1,-2,1652970187.9772003
-1,-1,-1,21,15,15,-3,-2,1652970187.9772003
0,0,1,12,22,3,1,0,1652970187.9871233
0,-1,-1,-34,-34,-4,-2,-1,1652970187.9871233
-3,-1,2,37,36,4,1,-3,1652970187.9871233
-1,-2,-4,-5,-14,-15,-1,0,1652970187.9871233
0,-2,-2,5,13,-2,-1,2,1652970188.0020833
-2,1,3,-2,9,-1,-3,-4,1652970188.0020833
0,-1,-1,-15,-23,1,0,-3,1652970188.0020833
2,0,-1,-5,8,-4,-3,2,1652970188.0020833
-1,0,-1,-1,5,-1,-2,-1,1652970188.0150867
-2,-1,0,17,-7,0,-1,-1,1652970188.0150867
-2,-2,-4,-38,-3,-1,0,0,1652970188.0150867
1,0,2,5,6,-6,-6,-1,1652970188.0150867
-2,-3,-5,-13,-18,-3,6,-1,1652970188.0230587
0,-1,-2,-1,5,5,3,-3,1652970188.0230587
-1,1,0,17,11,0,0,0,1652970188.0230587
0,1,-1,-8,-25,-5,1,3,1652970188.0230587
-1,0,0,-17,-33,3,-7,-3,1652970188.050987
-2,-1,0,2,41,4,-3,-1,1652970188.050987
0,-2,-3,0,-41,-6,-1,0,1652970188.0529811
0,-1,-1,20,44,3,-3,15,1652970188.0529811
-5,-2,-2,-19,-26,-9,-4,-31,1652970188.0679502
-1,1,2,10,3,-5,3,-9,1652970188.0679502
-1,-2,-3,3,6,10,-5,1,1652970188.0719306
-1,-2,-4,-17,-7,1,-1,-1,1652970188.073924
1,2,-3,-6,14,-2,5,18,1652970188.1196342
-1,-1,-1,-6,-28,-8,-9,-5,1652970188.1196342
-1,1,-1,1,23,2,2,-5,1652970188.127597
-1,-1,1,16,-2,-2,-1,-2,1652970188.127597
1,0,1,9,2,0,-5,0,1652970188.127597
-1,-4,-5,-13,9,2,13,0,1652970188.127597
-3,-3,1,6,-18,-4,-1,1,1652970188.127597
-1,-1,-4,-10,-9,-1,-6,-4,1652970188.127597
-1,-1,-1,0,-2,-1,12,2,1652970188.127597
2,0,-2,3,13,4,-3,6,1652970188.127597
1,-2,0,-3,-8,-1,1,-1,1652970188.127597
-3,0,0,18,0,-5,-2,-6,1652970188.127597
-1,-2,-2,-30,4,2,-4,1,1652970188.1415615
-2,0,1,-7,-20,-6,-6,1,1652970188.1415615
-2,0,-4,-6,13,1,1,-1,1652970188.2081592
-2,2,3,-7,11,1,1,-14,1652970188.2081592
0,-1,-1,36,2,3,1,11,1652970188.2081592
0,-4,-3,-1,3,7,-1,0,1652970188.2081592
-1,0,1,-11,-38,-14,-5,-2,1652970188.2081592
0,-1,3,5,26,10,0,0,1652970188.2081592
0,0,2,-6,-16,12,8,0,1652970188.2081592
1,3,1,2,34,-6,-5,-1,1652970188.2081592
-2,-4,-7,27,-11,6,-6,0,1652970188.2081592
-3,-2,-7,-22,-3,-7,1,2,1652970188.2081592
-2,-3,-3,6,3,-1,-2,-3,1652970188.220074
-1,-1,1,7,-10,2,1,3,1652970188.220074
2,3,3,-6,0,-6,3,-1,1652970188.2280579
1,0,-1,-4,-5,3,-2,1,1652970188.2280579
0,0,-1,-3,2,-2,-2,1,1652970188.2310922
2,1,2,4,-20,-5,-3,-1,1652970188.2310922
0,-2,2,13,35,0,1,-2,1652970188.2310922
-3,-5,-6,-11,-17,0,3,0,1652970188.2310922
0,-1,-2,-4,20,-3,-7,2,1652970188.2520216
-6,-2,-2,1,-10,-4,12,-14,1652970188.2520216
0,2,3,-3,8,3,-2,1,1652970188.2520216
-1,-1,1,1,-13,-3,1,-1,1652970188.2520216
2,-2,-4,-2,-2,-2,-3,2,1652970188.2669466
1,-2,-1,-5,13,-3,-1,2,1652970188.2669466
0,0,3,-11,-15,2,0,-1,1652970188.2769623
2,0,2,13,4,-2,-4,2,1652970188.2769623
-4,-4,-7,-11,21,-2,5,-7,1652970188.284927
-1,1,-2,10,-1,11,0,4,1652970188.284927
-1,0,-2,-27,-4,-15,-2,-1,1652970188.284927
0,-2,-6,-8,-19,-4,-2,2,1652970188.284927
-1,1,2,10,-8,-1,-4,-1,1652970188.310864
0,-1,-1,-1,-9,1,-6,0,1652970188.310864
1,0,0,18,13,2,1,3,1652970188.310864
1,0,1,-9,-7,-11,-2,-2,1652970188.310864
1,-1,-2,12,34,11,1,0,1652970188.3287818
-2,0,1,-6,-68,-17,-1,4,1652970188.3287818
0,-3,-1,-2,9,22,6,1,1652970188.3551772
-5,-3,-4,-7,11,1,-4,-4,1652970188.3551772
-2,-2,0,3,-12,-5,-5,-4,1652970188.3651028
-2,-4,-3,2,34,0,-5,-2,1652970188.3651028
-1,0,3,3,-2,1,4,0,1652970188.3651028
0,1,1,18,2,3,3,0,1652970188.3651028
-1,1,0,-18,-6,-10,-2,1,1652970188.3893301
0,2,-2,-25,-23,5,0,-1,1652970188.3893301
-2,-1,-3,6,7,-8,-6,-15,1652970188.3893301
-3,-1,2,22,22,5,0,9,1652970188.3893301
-2,-1,3,19,-20,-5,-2,-2,1652970188.401245
-1,-4,-9,-66,-7,-3,0,3,1652970188.401245
2,-2,-3,12,-5,-1,-3,12,1652970188.401245
-4,1,-1,-9,-13,-13,-5,-26,1652970188.401245
-1,1,1,16,-4,3,-1,-1,1652970188.429236
1,1,5,9,31,4,-3,1,1652970188.429236
-2,-1,-2,20,-23,-6,2,-5,1652970188.429236
1,-1,1,13,18,10,5,6,1652970188.429236
0,0,0,-44,-34,-12,1,3,1652970188.429236
-2,-4,-6,11,18,13,1,-4,1652970188.429236
-1,-2,-7,-14,17,-2,-2,2,1652970188.429236
0,-1,-1,7,13,2,2,4,1652970188.429236
-1,-1,3,-1,-13,-3,-3,-6,1652970188.4602702
0,0,3,-1,-10,-6,-1,4,1652970188.4602702
-1,0,4,33,9,0,0,-4,1652970188.4622648
-2,-2,-3,-24,-26,-3,-2,-2,1652970188.4622648
1,-1,-4,0,8,1,0,0,1652970188.4622648
-1,-1,-2,-6,-27,-5,-2,-1,1652970188.4622648
-2,-1,0,-4,-4,-3,-4,0,1652970188.467252
0,1,3,16,30,-2,-3,0,1652970188.467252
-2,-1,0,-22,-33,0,5,2,1652970188.488196
0,2,-3,8,-8,0,1,-1,1652970188.488196
-1,-3,-6,-13,16,3,3,-1,1652970188.4912207
1,-2,-1,-3,-20,-7,-2,2,1652970188.4912207
1,-1,-1,8,15,3,-1,0,1652970188.5021584
1,1,2,-2,-1,-4,0,3,1652970188.5021584
0,0,2,15,17,7,-6,-7,1652970188.5171182
-1,0,3,25,0,0,6,0,1652970188.5171182
-1,1,1,3,9,-7,-3,0,1652970188.5240996
-3,-2,0,20,50,10,0,-2,1652970188.5240996
0,-2,-9,-40,-61,-3,-1,2,1652970188.5310855
-2,-3,-5,-27,10,0,1,-2,1652970188.5310855
0,1,-3,-2,-13,-6,2,-4,1652970188.5490332
1,-1,1,22,10,-10,-19,6,1652970188.5490332
-1,0,2,12,22,-4,2,1,1652970188.5550168
4,1,3,-1,-20,1,-1,16,1652970188.5550168
-5,-3,0,-11,-4,-1,-6,-17,1652970188.569977
0,-2,-3,-15,14,-1,5,-2,1652970188.569977
-2,0,7,34,23,5,-4,-5,1652970188.569977
-1,1,-1,3,-18,-3,-5,-5,1652970188.569977
-2,-2,-6,-13,12,7,5,5,1652970188.5839396
-1,-1,-2,7,-11,3,1,-1,1652970188.5839396
-1,0,-3,-23,-24,-9,1,-1,1652970188.5839396
0,1,2,-15,4,0,-1,1,1652970188.5839396
2,0,-1,-3,-44,-6,-7,2,1652970188.6098707
-5,-3,4,54,37,4,0,-5,1652970188.6098707
0,-2,-5,-30,-1,3,0,2,1652970188.6098707
-2,-1,-3,-2,17,-5,0,-5,1652970188.6098707
-1,0,-3,0,-7,3,0,3,1652970188.633807
0,1,0,-18,-15,1,2,-4,1652970188.633807
-1,-2,1,-1,7,-5,-1,-1,1652970188.633807
-1,-3,-1,-13,-6,3,0,0,1652970188.633807
1,2,3,0,-15,-3,-1,0,1652970188.6577437
0,-3,-3,10,-35,-2,0,-1,1652970188.6577437
-2,-2,0,1,31,2,5,1,1652970188.6577437
-4,-5,-7,3,-6,3,-3,-6,1652970188.6577437
-1,0,0,9,30,4,0,0,1652970188.6697106
-1,0,-2,-15,-21,-6,0,-1,1652970188.6697106
2,1,2,-2,-18,-3,-1,-1,1652970188.6697106
0,1,-3,-14,4,-2,-1,-1,1652970188.6697106
0,-1,-2,8,5,-3,-5,1,1652970188.6856687
1,0,0,-3,1,-3,1,-1,1652970188.6946437
-3,1,-1,-9,-3,-7,-2,-2,1652970188.6946437
0,1,3,-1,-1,4,3,0,1652970188.6946437
0,-4,-4,3,29,2,10,5,1652970188.7155974
-2,-4,-8,-27,-56,-8,-22,-3,1652970188.7155974
-3,-1,-1,-1,0,0,-5,-10,1652970188.7205746
-3,-5,-2,13,10,-2,-2,0,1652970188.7205746
-1,0,3,18,6,-3,-5,-3,1652970188.7285535
0,0,1,4,27,4,8,6,1652970188.7285535
1,0,-2,-17,-23,-4,0,4,1652970188.7285535
0,2,-2,-2,-8,2,-1,-5,1652970188.7285535
1,1,1,0,4,0,2,3,1652970188.751494
0,2,3,15,28,-4,1,-1,1652970188.754485
1,0,0,-16,-30,6,-1,1,1652970188.754485
-3,-3,-1,3,24,5,-1,-3,1652970188.754485
-3,-3,0,12,-7,6,0,1,1652970188.770441
-1,0,-3,-6,9,-4,-1,-2,1652970188.770441
0,1,4,20,-7,-6,-2,-3,1652970188.770441
1,0,0,-12,-13,3,2,4,1652970188.770441
-1,0,-2,-11,-19,-6,-6,-1,1652970188.78939
-1,0,3,13,4,-4,-3,-3,1652970188.78939
-1,-1,3,-1,14,4,8,2,1652970188.78939
-2,-1,-3,12,8,-4,-2,-1,1652970188.78939
-3,-3,-5,-39,3,-1,-4,-4,1652970188.8103342
-3,-2,-3,-19,-18,-6,0,-3,1652970188.8143334
1,-3,-3,1,3,-3,-2,-1,1652970188.8143334
1,1,0,-2,-13,-4,-1,-2,1652970188.8143334
1,0,4,12,9,-4,-3,-2,1652970188.822302
0,0,-2,-13,-2,3,5,-1,1652970188.822302
-3,-3,-1,-24,12,2,-1,-1,1652970188.831282
-1,-4,1,51,6,3,0,-1,1652970188.831282
0,0,-2,2,12,1,0,0,1652970188.8512256
-1,0,-3,-15,-15,-3,-1,-1,1652970188.8512256
-1,0,-4,5,6,-1,-2,1,1652970188.8512256
2,1,2,-29,-22,-7,-1,0,1652970188.8512256
0,-2,2,17,12,1,-3,3,1652970188.8691769
1,-1,4,7,-10,1,4,7,1652970188.8691769
-1,-1,-3,-2,45,9,4,-12,1652970188.8691769
0,1,-1,-7,-12,-11,-16,4,1652970188.8691769
-1,0,0,10,-12,3,-3,-6,1652970188.8851347
-2,-2,-5,-27,12,-4,-6,5,1652970188.8851347
-1,-2,1,11,8,-1,1,2,1652970188.8851347
-3,-3,-3,-6,-14,-8,3,-4,1652970188.8851347
0,-1,-1,-7,17,5,3,2,1652970188.915055
0,0,0,2,-30,-1,-2,-5,1652970188.915055
0,0,3,4,11,6,-1,1,1652970188.915055
0,0,-2,-11,19,0,3,-2,1652970188.915055
0,-2,-2,-5,-26,-6,-1,-1,1652970188.9320116
-1,-1,0,6,18,4,3,-5,1652970188.9320116
1,-1,-3,-5,-23,-7,-4,0,1652970188.9320116
-1,1,-2,3,-4,7,3,2,1652970188.9320116
-1,0,-2,0,-10,-2,-2,-3,1652970188.952953
-1,0,0,-1,8,3,1,-2,1652970188.952953
0,-2,-1,0,-14,-11,-3,1,1652970188.952953
0,1,0,5,20,2,1,-2,1652970188.952953
-1,2,-1,-1,6,-3,1,-2,1652970188.973898
1,-2,-3,26,-2,1,0,-3,1652970188.973898
-1,-2,-1,-21,-29,-6,-7,-3,1652970188.973898
-2,-1,-2,-8,9,0,-3,-2,1652970188.973898
-1,-1,0,-2,-14,-5,0,-2,1652970188.9908519
0,1,0,11,10,0,-1,0,1652970188.9908519
-1,1,0,10,10,4,0,1,1652970188.9908519
-1,0,-3,-17,-26,-6,-6,-2,1652970188.9908519
-1,-1,-3,-9,-11,-2,5,1,1652970189.0098011
-1,0,6,22,18,0,-1,-1,1652970189.0098011
-2,-2,1,36,14,5,2,-1,1652970189.0098011
0,0,0,-6,-5,-7,1,-2,1652970189.0098011
2,-1,-2,-1,-22,5,-1,0,1652970189.0324638
-1,-3,-4,-23,4,1,1,-1,1652970189.0324638
0,1,-1,-5,13,1,0,0,1652970189.0324638
-3,-2,0,17,-9,-2,-1,-2,1652970189.0324638
-2,0,-7,-64,-11,2,-1,-1,1652970189.0503967
0,2,1,5,11,1,3,-2,1652970189.0503967
0,-3,-2,49,-7,-4,-1,1,1652970189.0503967
-1,-3,-1,-4,-3,-4,-4,-2,1652970189.0503967
0,-2,5,35,8,1,1,-2,1652970189.0663545
-1,1,3,-43,-11,2,4,11,1652970189.0663545
-2,2,-2,-12,0,-2,-5,-18,1652970189.0663545
0,0,-1,2,-1,5,4,0,1652970189.0663545
-1,-1,-4,2,15,-6,-3,-4,1652970189.0942795
1,1,0,14,-10,4,0,5,1652970189.0942795
-1,-1,0,24,20,-1,2,5,1652970189.0942795
-1,0,0,-28,4,-5,-3,-1,1652970189.0942795
1,-1,-7,-40,-13,6,-3,-1,1652970189.1102364
0,1,4,19,-28,-7,2,-2,1652970189.1102364
1,0,-3,-12,7,3,2,4,1652970189.1102364
-4,-4,1,30,-12,6,2,-4,1652970189.1102364
0,0,1,2,13,-7,-2,2,1652970189.1251957
-3,-5,-7,-5,-3,-2,-2,-5,1652970189.1251957
-1,-2,-4,-15,-35,-5,-1,-2,1652970189.1251957
2,1,5,16,61,8,3,4,1652970189.1251957
-2,-1,1,5,-38,-8,-3,-2,1652970189.188589
-1,0,-2,-12,-23,-8,-3,-6,1652970189.188589
0,1,2,-6,-10,0,-3,5,1652970189.188589
0,-1,-5,-26,21,6,7,-2,1652970189.188589
0,1,3,18,8,2,-1,-1,1652970189.1955707
-1,-2,-1,5,6,7,0,-4,1652970189.1955707
0,-1,0,-12,-21,-11,-3,2,1652970189.1955707
-1,-1,-2,-12,-22,-7,-1,0,1652970189.1955707
-3,-1,1,18,31,5,0,-2,1652970189.1955707
0,-1,1,9,4,-4,-2,1,1652970189.1955707
1,1,0,-22,-26,-7,0,0,1652970189.1955707
-3,-3,-7,1,28,16,-1,-3,1652970189.1955707
0,-1,4,24,-8,-5,-4,-4,1652970189.208536
0,-2,0,-4,27,4,-3,-1,1652970189.208536
-2,-1,3,-2,-12,-1,-3,1,1652970189.208536
2,0,1,12,-15,-3,2,1,1652970189.2115278
2,-2,1,-13,1,-5,1,2,1652970189.230478
0,-2,-4,-28,-14,-8,-2,-3,1652970189.230478
0,2,0,-14,28,7,-1,-1,1652970189.230478
-1,0,6,80,-25,-4,4,1,1652970189.230478
-6,-3,-7,-9,-4,4,2,-4,1652970189.2474327
0,-1,-3,0,0,-1,0,0,1652970189.2474327
-2,-1,-3,-24,6,2,-1,-2,1652970189.2474327
0,0,-2,-16,-10,-4,-5,-1,1652970189.2474327
-1,0,4,14,4,-10,-2,0,1652970189.267379
-2,-1,0,6,-5,2,0,-2,1652970189.267379
0,-1,-1,14,10,3,3,1,1652970189.2823706
0,-1,-5,-32,-38,-7,-2,0,1652970189.2823706
0,1,-2,-5,-3,1,-2,0,1652970189.315285
-4,-2,-4,-8,1,1,9,0,1652970189.315285
-1,-3,-2,8,15,-8,-2,-1,1652970189.315285
0,1,1,-10,-4,7,-1,0,1652970189.315285
1,-2,-1,4,8,0,0,1,1652970189.3232763
0,-1,-1,-17,-32,8,-5,-1,1652970189.3232763
-3,-5,-2,24,47,-11,-4,-3,1652970189.3232763
0,2,-3,-19,-15,-8,2,-1,1652970189.3232763
-2,-2,0,7,20,4,-3,-1,1652970189.3282158
0,1,2,9,-13,-5,-1,1,1652970189.3312092
1,0,-2,-4,-31,-3,2,13,1652970189.3312092
-1,-1,-1,-23,13,4,-3,-18,1652970189.3312092
1,1,0,-8,5,-1,-1,-1,1652970189.3581362
-2,1,2,-9,22,0,0,-5,1652970189.3581362
-2,-3,1,31,-5,4,0,1,1652970189.3581362
0,-2,1,6,-15,-8,-4,5,1652970189.3581362
-1,-1,1,27,12,3,5,-1,1652970189.3671117
-1,0,3,3,9,-5,-5,1,1652970189.3671117
-1,-1,-3,-25,-8,1,-2,-5,1652970189.371101
0,0,1,12,-10,-8,-1,3,1652970189.371101
0,-2,-2,-20,30,4,1,-1,1652970189.3850641
-1,-2,-4,-4,-28,-11,-4,0,1652970189.3850641
-2,-3,-3,-10,29,14,-2,-4,1652970189.3850641
0,0,-1,-1,-8,-1,-3,0,1652970189.3850641
1,1,2,-1,1,-5,-2,1,1652970189.4129891
1,0,-3,17,19,3,2,0,1652970189.417976
-3,0,-2,2,9,5,3,-6,1652970189.417976
0,0,-1,-29,-46,-11,-7,1,1652970189.417976
-2,-1,-3,-11,36,8,-1,-2,1652970189.4249578
-1,-1,3,42,3,-1,0,-3,1652970189.4249578
1,-1,2,-13,-25,-8,-3,-4,1652970189.4249578
0,-2,-5,23,22,7,4,1,1652970189.4249578
-1,-1,-1,-32,-23,-5,1,1,1652970189.4459014
-3,-3,2,26,15,-1,-1,-1,1652970189.4459014
-2,-3,-4,-16,-19,-5,-3,0,1652970189.4459014
-1,0,4,33,29,2,0,1,1652970189.4459014
0,-1,-1,4,-4,-1,-3,-3,1652970189.4728293
1,0,-2,-20,-14,-6,1,-1,1652970189.4728293
1,1,2,-6,-12,7,3,-2,1652970189.4728293
-3,-4,-5,-22,-11,-5,-2,-1,1652970189.4728293
2,-1,-1,12,-8,-3,-1,0,1652970189.4867918
-1,0,-2,-3,15,3,-3,-1,1652970189.4867918
0,0,-2,-3,10,0,0,0,1652970189.4947703
0,1,-1,-19,13,4,2,0,1652970189.4947703
-3,-1,-1,16,-7,-1,4,-1,1652970189.5117247
-1,0,-1,-2,-10,0,-1,1,1652970189.5117247
0,0,2,2,-22,-6,-1,-1,1652970189.519704
0,1,0,4,22,3,-1,0,1652970189.519704
-1,-1,1,-1,1,-2,0,0,1652970189.5276828
-1,-3,0,9,8,7,-1,-1,1652970189.5276828
0,-1,-4,-26,-4,-3,-1,-2,1652970189.5276828
-1,-2,-6,-27,-24,-6,0,0,1652970189.5276828
0,1,6,6,-10,-5,-2,0,1652970189.587523
1,1,3,44,18,12,3,1,1652970189.587523
-1,-1,-1,-12,9,6,-3,-1,1652970189.587523
-1,-2,1,7,-6,-3,4,-1,1652970189.587523
-3,-2,-6,-2,24,-14,-4,0,1652970189.587523
-2,-2,-1,-1,19,8,2,0,1652970189.587523
0,0,2,7,-18,-7,0,-1,1652970189.587523
-2,-1,-1,-11,-3,-4,-4,-2,1652970189.587523
0,-2,-5,-1,5,5,0,-1,1652970189.6144514
1,0,-1,-23,-15,-8,-5,-3,1652970189.6144514
-2,-1,0,10,-6,2,0,1,1652970189.6144514
-1,-1,2,6,45,11,-1,-2,1652970189.6144514
0,0,1,-7,-44,-5,-2,1,1652970189.6214657
-2,0,0,-12,-2,-1,-1,0,1652970189.6214657
0,-1,-1,17,-12,-3,0,-2,1652970189.6214657
-1,0,-2,-22,19,-2,1,0,1652970189.6214657
-4,-1,-1,17,-17,5,-1,-2,1652970189.6543438
-2,-3,-6,-23,-38,-8,-1,-1,1652970189.6543438
-2,0,-1,16,7,-4,-1,-1,1652970189.6543438
2,2,3,11,20,5,2,16,1652970189.6543438
-3,0,-1,-19,-16,-3,-1,-21,1652970189.6543438
-2,0,-1,19,22,-1,-5,-4,1652970189.6543438
-2,-1,-4,-10,-4,-6,-2,-5,1652970189.6543438
1,-1,0,12,2,5,-1,2,1652970189.6543438
1,-2,-1,-8,18,2,1,6,1652970189.7131891
-1,-1,0,-19,-29,-5,-3,-2,1652970189.7131891
0,0,2,9,-8,-4,-6,1,1652970189.7211654
-2,-2,-3,-9,8,-5,-4,-7,1652970189.7211654
-1,0,-1,1,-9,3,4,5,1652970189.7211654
-1,0,0,2,8,0,-1,-1,1652970189.7211654
0,0,-5,-4,10,2,-2,4,1652970189.7211654
-1,0,0,-9,-48,-5,-2,-2,1652970189.7211654
0,-2,-1,13,5,-3,-3,-1,1652970189.7211654
-1,0,-1,-1,10,5,0,0,1652970189.7211654
-1,0,1,-9,-3,0,3,-1,1652970189.7211654
1,1,1,7,-6,0,-2,-3,1652970189.7211654
-1,0,-4,-9,-15,-9,-3,0,1652970189.7521293
1,-1,1,3,1,-6,1,1,1652970189.7521293
-1,-1,-2,-3,49,9,-1,-1,1652970189.7541237
-3,-2,-2,6,-22,-3,2,-5,1652970189.7541237
-3,-1,0,-12,3,9,0,2,1652970189.7541237
-1,0,1,-1,-1,-6,0,1,1652970189.7541237
1,1,1,22,4,1,-1,-1,1652970189.7541237
-2,0,-2,-13,13,4,0,-1,1652970189.7541237
-2,0,1,1,-25,-1,-1,1,1652970189.7880847
-1,0,-2,-12,-1,0,-2,0,1652970189.7880847
-1,-3,-1,6,-1,-3,5,0,1652970189.7880847
0,-1,-6,-10,-15,-4,0,-2,1652970189.7880847
1,-1,0,4,14,0,0,0,1652970189.7880847
1,-1,-2,-7,11,0,0,-1,1652970189.7880847
-2,0,3,-4,-8,2,0,1,1652970189.8470573
0,0,2,-10,-47,-35,-2,-1,1652970189.8470573
1,-2,0,15,29,12,0,0,1652970189.85408
-1,-2,-6,-8,39,2,2,8,1652970189.85408
-3,-2,-1,3,-32,-1,0,-13,1652970189.85408
-1,0,0,15,24,3,-6,-1,1652970189.85408
-1,0,0,-5,-31,-1,8,-3,1652970189.85408
1,-1,2,-4,8,-1,-1,4,1652970189.85408
-1,-1,1,1,-18,3,1,4,1652970189.85408
-2,-2,-6,-30,-18,2,-3,-4,1652970189.85408
1,0,-2,-12,7,-2,-4,4,1652970189.85408
-3,-5,-4,14,13,3,-2,-7,1652970189.8799736
0,0,-2,-1,1,-4,0,0,1652970189.8799736
-1,-1,2,4,-5,7,5,-1,1652970189.8799736
0,0,3,11,13,-8,-2,0,1652970189.8869545
-1,-1,-1,-10,-28,-6,1,-3,1652970189.8869545
0,1,2,3,7,1,-2,-1,1652970189.8869545
0,-1,2,13,23,5,2,3,1652970189.8869545
-1,-3,-1,-9,-5,-6,-3,0,1652970189.9261105
-1,1,1,5,24,9,-1,-4,1652970189.9330928
-2,-2,-6,-21,-4,-8,-1,-1,1652970189.9330928
-1,-2,-2,2,-10,1,-2,0,1652970189.9330928
0,-1,0,5,1,-4,-3,0,1652970189.9330928
-1,-2,-1,-11,-36,-6,-3,-5,1652970189.9330928
1,0,-1,-7,17,0,0,2,1652970189.9330928
-3,1,2,14,37,5,-3,-5,1652970189.9330928
0,-2,-6,-29,-15,-2,-1,-2,1652970189.947094
0,-1,-2,-11,-23,-7,-2,1,1652970189.947094
0,-2,0,0,-1,-1,-2,-2,1652970189.947094
-1,-1,1,6,5,1,3,-1,1652970189.947094
1,-1,1,12,5,2,-2,-1,1652970189.9650066
-2,0,-1,-5,-2,4,1,-3,1652970189.9650066
-1,0,-2,-10,-28,-12,-4,-1,1652970189.9650066
3,2,5,10,11,4,-1,0,1652970189.9650066
-2,1,-3,6,16,8,-3,-2,1652970189.9879506
0,-1,-3,-5,-25,-5,0,1,1652970189.9879506
-2,-2,4,11,6,2,-3,-1,1652970189.9879506
0,-4,-4,6,-14,-4,0,0,1652970189.9879506
0,-1,2,1,-22,-3,4,1,1652970189.9889476
-3,-1,-3,-3,24,0,-2,-3,1652970189.9889476
0,2,3,7,-12,-3,1,1,1652970189.9889476
-1,-2,-9,-45,-1,1,0,-2,1652970189.9889476
3,0,-1,1,-14,-3,2,16,1652970190.0199125
-4,-4,-3,3,3,-3,-3,-29,1652970190.0199125
-2,-3,-3,-2,-8,1,1,1,1652970190.0199125
-1,0,3,6,-5,-1,-2,-4,1652970190.0199125
-1,-1,1,5,-8,3,-2,-1,1652970190.053488
2,1,1,2,-24,-22,-2,6,1652970190.053488
0,-1,-1,2,26,12,2,0,1652970190.053488
-2,-2,-4,3,13,-3,0,-3,1652970190.053488
-2,-1,-2,3,11,-1,-3,-4,1652970190.053488
0,0,-5,-7,-14,5,1,4,1652970190.053488
-1,1,0,-2,1,-1,-2,-3,1652970190.053488
-1,-2,1,13,-8,-2,-2,6,1652970190.053488
-1,-1,-1,12,4,-8,-3,-4,1652970190.0880694
1,1,6,-2,22,10,7,2,1652970190.0880694
0,-2,-3,-8,-18,2,-1,-1,1652970190.0880694
0,1,-1,-9,7,1,-2,0,1652970190.0880694
-3,0,0,2,9,0,0,-4,1652970190.1218753
0,-1,3,5,10,-2,-4,4,1652970190.1218753
-1,-3,-2,9,-7,-2,2,1,1652970190.1218753
-3,1,0,-19,-23,-3,-1,-2,1652970190.1218753
-2,-2,-5,-11,-7,-3,-3,-4,1652970190.1218753
-1,-1,-4,8,0,-2,2,3,1652970190.1218753
0,1,3,18,31,2,0,-2,1652970190.1218753
-3,-3,-6,6,-12,-2,-2,-1,1652970190.1218753
1,1,1,0,-18,-9,-1,-2,1652970190.129854
-1,-2,0,0,7,14,2,1,1652970190.129854
-1,-2,-1,-7,-6,-20,-3,-2,1652970190.1308653
-1,0,1,-1,3,1,1,-2,1652970190.1308653
-1,1,-1,-13,-13,0,2,0,1652970190.1627657
-2,1,-1,-2,-14,-2,-1,1,1652970190.1627657
-1,-3,0,4,25,6,-1,-1,1652970190.1627657
0,-2,0,7,22,4,-1,1,1652970190.1627657
0,-1,-1,2,23,2,-2,0,1652970190.1707451
1,-2,0,15,21,-2,-3,0,1652970190.1707451
0,0,-3,-18,-22,-1,1,1,1652970190.1707451
0,3,4,21,2,-5,0,0,1652970190.1707451
-1,-1,2,-10,12,8,2,-1,1652970190.190692
-1,-2,-4,-4,-29,-8,-4,-1,1652970190.190692
-2,-2,-6,-20,-6,-3,-2,-4,1652970190.1926858
-1,-1,-1,19,15,2,0,-1,1652970190.1926858
1,0,-1,-6,-11,-3,-3,-1,1652970190.2196186
0,0,-2,-3,20,-2,1,0,1652970190.2196186
-2,-2,1,3,-8,6,0,0,1652970190.2196186
0,-1,-1,-6,-20,-3,0,-2,1652970190.2196186
2,0,-1,1,0,-2,1,8,1652970190.2266
-3,-3,-1,-3,-6,-2,-1,-1,1652970190.2266
1,1,1,1,9,-4,-1,-2,1652970190.2266
-2,-1,-4,-12,-16,1,-4,0,1652970190.2266
-5,-3,-5,-1,-3,2,4,-6,1652970190.2510917
3,1,1,-2,-10,-1,0,6,1652970190.2510917
1,1,2,1,8,3,0,0,1652970190.2510917
0,-1,1,5,3,-5,-6,-1,1652970190.2510917
-1,1,3,3,0,1,-2,3,1652970190.276058
-1,-1,-4,-30,-13,2,0,-2,1652970190.276058
-1,0,-1,46,8,-4,0,0,1652970190.276058
0,0,2,5,21,10,2,1,1652970190.276058
-2,-1,1,14,2,3,1,-3,1652970190.2890246
-3,-1,3,-4,31,2,-1,-1,1652970190.291019
-2,-1,-2,-25,-31,-7,-4,-3,1652970190.291019
-1,-3,-1,-10,-22,-6,0,2,1652970190.291019
0,-1,-4,-6,5,-9,-2,-3,1652970190.3454208
0,-2,-3,-6,-22,10,3,-3,1652970190.3454208
-1,2,0,15,3,-4,-3,0,1652970190.3454208
-1,-2,-5,-39,18,11,2,-1,1652970190.3454208
0,-1,1,2,27,11,0,-3,1652970190.3454208
-1,-2,-1,10,9,-12,-3,-2,1652970190.3454208
-2,-2,-6,-15,-27,0,0,-1,1652970190.3454208
-1,-1,1,11,-14,-7,-1,-2,1652970190.3454208
0,0,2,3,-6,3,-4,-1,1652970190.3524053
2,1,1,-1,14,1,-1,-1,1652970190.3524053
0,-1,-1,7,17,2,1,0,1652970190.3524053
0,-1,-2,4,21,-4,-1,-1,1652970190.3524053
-2,1,-1,-13,-54,-9,-4,-1,1652970190.377338
-1,0,2,2,-4,0,-1,-1,1652970190.377338
-1,-3,2,-7,-9,-3,0,-1,1652970190.377338
0,0,1,9,-8,-2,1,0,1652970190.377338
-2,-1,-2,-4,10,1,-3,-2,1652970190.3942587
-1,-1,-2,7,17,4,0,0,1652970190.3942587
-2,0,3,4,-30,-11,-3,-2,1652970190.3942587
-2,-1,-6,-3,0,-6,-1,2,1652970190.3942587
0,-1,-1,1,15,16,0,-1,1652970190.4082532
-2,0,-1,-9,5,-2,-5,-1,1652970190.4082532
1,-2,-1,-10,27,16,5,3,1652970190.416231
-2,-1,2,28,12,-13,-3,-2,1652970190.416231
-2,0,0,-4,-14,-4,-2,0,1652970190.4331546
0,-2,-1,-1,-3,-3,-3,-1,1652970190.4331546
-2,-2,1,2,10,-1,-1,0,1652970190.4401674
0,-1,-3,-10,-20,0,0,-2,1652970190.4401674
-2,0,0,1,-8,-9,-1,-1,1652970190.49959
-1,1,-1,7,19,2,-1,-2,1652970190.49959
0,-1,-2,-12,3,0,-2,-2,1652970190.49959
1,0,-5,-10,-18,-3,-3,-1,1652970190.49959
1,0,0,-9,-18,-9,-1,0,1652970190.5076058
-1,-1,3,27,17,6,1,-1,1652970190.5076058
-1,1,1,-10,-7,-6,-1,1,1652970190.5076058
1,0,2,-6,2,4,-1,-1,1652970190.5076058
-1,1,0,57,51,1,-1,-1,1652970190.5076058
0,-3,0,-27,-58,1,4,0,1652970190.5076058
-1,0,-5,-22,9,-6,-5,-2,1652970190.5076058
-1,-2,-2,-2,-3,-3,-2,-1,1652970190.5076058
-1,-2,-1,-11,-9,-1,-1,-1,1652970190.5135589
0,1,1,8,-10,-8,-1,0,1652970190.5135589
0,-1,1,8,0,8,2,-1,1652970190.515584
1,0,3,-4,9,-4,-1,0,1652970190.515584
-1,-2,-1,-4,16,1,0,0,1652970190.5850291
-2,-1,-1,3,-35,0,-1,-1,1652970190.5850291
0,-2,-4,-6,-1,3,0,-1,1652970190.5850291
-1,-2,2,8,-11,-1,-2,-1,1652970190.5850291
0,-2,-4,-2,7,-6,-1,-2,1652970190.5850291
-1,0,-3,-6,6,-2,-1,1,1652970190.5850291
0,1,-1,0,-2,-4,0,-1,1652970190.5850291
-2,3,4,11,-4,-9,0,-1,1652970190.5850291
1,0,3,5,0,21,3,0,1652970190.5850291
-4,-3,-8,-8,40,-5,-3,-3,1652970190.5850291
-1,-1,-2,3,13,-1,-1,1,1652970190.5850291
-2,-5,-2,-2,20,5,-2,-3,1652970190.5850291
-1,0,0,-10,-50,-13,-3,0,1652970190.5940037
1,2,1,-11,-28,-2,0,-1,1652970190.5940037
-1,-2,-2,13,7,7,-1,-1,1652970190.5979924
-3,0,2,-4,1,-6,-2,0,1652970190.5979924
-1,-2,-4,-6,8,-4,-1,0,1652970190.60996
1,0,4,24,-1,-7,-4,-1,1652970190.60996
-1,-1,-6,-22,15,-4,-2,-1,1652970190.60996
0,1,-1,-17,-28,4,2,0,1652970190.60996
-2,-2,-2,-2,9,-5,-4,-3,1652970190.6358912
-1,-2,-4,-14,-17,-8,-1,0,1652970190.6358912
0,-1,0,8,-1,5,1,-2,1652970190.6358912
-2,-1,-1,12,14,0,-1,-1,1652970190.6358912
1,0,-2,-18,-27,-7,0,0,1652970190.6508508
0,0,0,12,29,10,0,0,1652970190.6508508
-2,-2,0,2,-10,-6,-1,-2,1652970190.656835
0,-2,-4,-6,6,7,1,0,1652970190.656835
-1,-1,-1,-6,2,-6,1,0,1652970190.6707976
-1,-1,2,24,26,7,1,0,1652970190.6707976
1,2,3,2,-15,-7,-1,1,1652970190.6707976
0,-1,-2,-26,-21,-4,-2,-1,1652970190.6707976
-3,-1,-3,9,-2,-1,1,-1,1652970190.692739
-1,-2,-5,-21,-12,1,1,-2,1652970190.692739
-2,-2,-4,3,9,-4,-2,1,1652970190.6947339
0,-1,2,12,12,2,2,0,1652970190.6947339
0,-2,-1,-11,-8,-5,-2,-3,1652970190.7156777
-1,0,1,-4,-5,0,1,0,1652970190.7156777
0,1,-2,1,-13,-6,-2,-1,1652970190.7156777
0,-1,-5,-5,-1,6,-2,-1,1652970190.7156777
0,-2,0,7,7,1,-1,1,1652970190.7336297
-1,-2,-3,-1,-11,-3,-1,0,1652970190.7336297
0,-1,1,-1,-7,0,0,0,1652970190.7336297
0,0,0,2,-7,-2,-1,2,1652970190.7336297
1,2,3,11,25,1,1,0,1652970190.753577
-1,-1,0,1,-23,-9,-3,-1,1652970190.753577
0,-1,-1,-18,0,1,-1,0,1652970190.753577
0,-2,-1,13,-7,-7,-3,-2,1652970190.753577
-3,0,0,11,13,3,0,0,1652970190.7765155
0,1,1,-24,-9,0,1,1,1652970190.7765155
-3,-5,-3,9,14,9,4,-1,1652970190.7775118
0,0,2,1,-13,-4,0,-1,1652970190.7775118
-4,-3,-6,-3,13,-1,-4,-2,1652970190.7904778
1,1,2,16,-9,4,-3,0,1652970190.7904778
-1,-1,-2,-12,-5,-4,2,-1,1652970190.7904778
2,-1,-1,6,-15,5,2,-1,1652970190.7904778
2,1,3,7,17,0,1,-1,1652970190.8099334
-1,-1,-1,2,4,-1,-1,-1,1652970190.8099334
0,0,-1,-4,-9,0,-2,1,1652970190.8099334
0,0,-1,3,9,-4,-1,0,1652970190.8099334
-1,1,0,-15,-6,5,0,-1,1652970190.8358638
1,-3,-2,-4,-17,-7,-1,-1,1652970190.8358638
-2,0,0,4,17,2,-2,-1,1652970190.8358638
-2,3,0,2,13,1,-1,0,1652970190.8358638
-1,-4,-1,1,-18,-5,0,-2,1652970190.8488295
-1,-1,0,-1,18,2,0,-2,1652970190.8488295
0,-1,2,9,-3,-1,-1,-2,1652970190.8488295
0,-1,-3,-8,12,0,0,-2,1652970190.8488295
2,-3,2,1,13,4,0,0,1652970190.9149468
-2,-3,-7,-11,-19,-5,0,1,1652970190.9149468
1,1,1,27,27,-3,-2,0,1652970190.9149468
-2,-2,0,-18,-27,-6,-3,-1,1652970190.9149468
-2,0,1,17,21,5,1,-2,1652970190.9149468
0,0,-3,-8,4,-1,-3,-2,1652970190.9149468
0,0,0,7,5,7,4,0,1652970190.9149468
0,-1,0,-2,-5,3,-1,1,1652970190.9149468
-1,-4,-7,-40,-55,-8,0,-1,1652970190.9149468
-2,-2,0,15,-15,-9,-4,-2,1652970190.9149468
-3,-2,-5,0,40,14,0,-2,1652970190.9149468
-1,-3,-2,1,-23,-2,-1,-1,1652970190.9149468
0,0,0,2,-6,-1,0,0,1652970190.9731393
0,1,1,-6,21,3,1,1,1652970190.9731393
-1,1,1,-8,-27,-10,-4,-1,1652970190.9731393
-3,-3,-4,4,31,6,-1,-1,1652970190.9731393
-2,-1,-2,-4,-3,-1,-2,0,1652970190.9731393
0,-1,1,-4,-7,-5,-1,1,1652970190.9731393
1,1,1,-4,-14,-6,-3,0,1652970190.9731393
0,-1,-2,1,6,2,-1,-2,1652970190.9731393
1,2,5,8,7,-1,-1,1,1652970190.9731393
-1,-3,-2,5,-13,-7,-4,-3,1652970190.9731393
-1,-4,-3,-26,-13,0,0,0,1652970190.977128
0,-2,-4,-6,-2,1,1,0,1652970190.977128
0,1,2,10,42,-4,-3,1,1652970190.993085
-1,0,4,11,30,13,2,-1,1652970190.993085
1,-1,0,-12,-40,-4,-4,-2,1652970190.993085
0,-1,-1,6,10,4,0,-2,1652970190.993085
0,-2,-3,-6,-22,3,0,0,1652970191.0569694
-1,1,-2,-15,-7,-15,-3,0,1652970191.0569694
-1,-1,-2,0,3,0,-1,0,1652970191.0569694
1,0,2,4,3,5,4,0,1652970191.0569694
-1,-1,-3,-12,-7,-2,0,-2,1652970191.0569694
0,-1,1,17,23,7,1,-1,1652970191.0569694
-1,0,-2,-2,-12,-5,0,1,1652970191.0569694
0,0,0,5,2,-8,-3,0,1652970191.0569694
1,-1,-2,-2,-5,-1,-1,0,1652970191.0718834
0,1,-1,-13,-13,0,1,-1,1652970191.0718834
-1,-1,1,10,10,-3,-1,0,1652970191.0718834
-1,-1,2,-1,0,-1,0,-1,1652970191.0759158
-2,0,-2,17,-6,-6,-2,-2,1652970191.0759158
-2,0,-3,-18,-1,5,2,-1,1652970191.0759158
1,0,0,-5,-4,-4,-1,1,1652970191.0759158
-2,-2,-2,-6,27,5,-2,0,1652970191.0759158
-1,-2,-2,3,-27,-2,-1,2,1652970191.0908623
0,0,3,17,-16,-8,-4,0,1652970191.0908623
-2,0,1,-6,7,3,2,-2,1652970191.0968182
-1,0,-5,-21,-5,-1,-1,-4,1652970191.0968182
-3,-2,3,-4,23,2,2,-1,1652970191.1142368
0,-1,-5,0,-11,1,-1,-1,1652970191.1142368
0,0,6,32,17,-13,-8,-2,1652970191.1142368
-3,-1,-4,-1,-25,-6,-2,-1,1652970191.1142368
1,-2,-3,-8,0,2,0,0,1652970191.1511533
-1,-1,0,-9,-6,-4,-1,-1,1652970191.1511533
-1,-1,-2,-5,-9,2,0,-1,1652970191.1511533
-1,2,1,11,15,2,0,-1,1652970191.1511533
-1,1,-3,-5,-2,-1,-2,0,1652970191.1511533
0,0,2,26,5,2,2,0,1652970191.1511533
-1,-3,-5,-26,-1,4,1,0,1652970191.1591277
0,-1,1,-2,-1,0,0,-2,1652970191.1591277
-2,0,-2,-12,-7,-3,1,0,1652970191.211424
-1,-3,0,17,22,2,1,0,1652970191.211424
-2,-2,1,3,-4,4,1,1,1652970191.211424
-1,0,0,-7,-16,-12,0,2,1652970191.211424
0,-3,2,18,9,3,1,-3,1652970191.2193892
-2,0,-2,-8,2,3,0,0,1652970191.2193892
-2,-1,-3,4,1,1,0,-1,1652970191.2193892
0,-1,-1,-21,-23,0,-1,0,1652970191.2193892
-1,0,-2,-1,-14,-8,-3,-4,1652970191.2193892
-1,0,0,-6,35,2,-1,-1,1652970191.2193892
-1,-2,-2,-10,-17,-7,-2,-3,1652970191.2193892
0,0,0,13,-7,2,-1,0,1652970191.2193892
0,-3,-4,-11,5,-9,-5,-2,1652970191.2333837
0,0,0,2,-2,7,1,1,1652970191.2333837
-2,0,-1,4,-16,-1,0,-1,1652970191.2333837
-1,-1,-2,1,13,0,-1,0,1652970191.2333837
-2,1,0,-5,-2,2,0,0,1652970191.2563326
1,-2,-6,10,-13,-6,-3,-1,1652970191.2563326
-1,0,-2,-28,-11,1,0,1,1652970191.2602806
-3,-2,-1,2,-1,-1,2,-1,1652970191.2602806
-1,-2,-1,-6,1,2,1,0,1652970191.269291
1,-1,1,3,1,-2,-1,-2,1652970191.269291
1,1,2,12,2,-2,0,0,1652970191.3225133
0,-1,1,-2,-7,-3,-1,0,1652970191.3225133
-1,-1,0,7,30,-2,-2,-2,1652970191.333413
-2,-2,0,-4,-20,1,-1,-2,1652970191.333413
1,-1,1,5,-3,4,0,-1,1652970191.333413
-2,2,1,-5,14,-2,-2,-2,1652970191.333413
0,-1,-3,4,10,6,4,-1,1652970191.333413
-1,0,0,-5,18,-12,-4,-1,1652970191.333413
-1,-2,-3,-3,4,-3,-2,-1,1652970191.333413
-1,-1,0,-9,-72,-6,-2,0,1652970191.333413
1,1,-3,-13,16,-2,-2,-1,1652970191.3344162
-1,-1,0,1,8,3,0,-2,1652970191.3344162
-4,-3,-1,10,0,-2,-3,-2,1652970191.3403933
0,-2,-3,3,24,-1,0,0,1652970191.3403933
0,0,-1,0,-22,0,0,1,1652970191.3543572
0,-2,-3,-14,-28,-8,-1,0,1652970191.3543572
1,0,1,-8,38,14,2,0,1652970191.3543572
-1,1,1,6,5,2,1,0,1652970191.3543572
-1,-1,1,3,-6,-2,-1,-2,1652970191.3772938
-2,-2,-3,0,3,-1,-4,-1,1652970191.3772938
-1,-2,-1,-3,-17,-6,-1,-1,1652970191.3772938
-3,-1,-2,2,13,-3,0,-1,1652970191.3772938
1,-1,1,7,30,3,-1,0,1652970191.3902602
-2,-1,-2,-9,-13,-1,0,-3,1652970191.3902602
0,-1,-5,-14,-20,-11,0,-1,1652970191.3962123
1,2,4,15,24,12,0,1,1652970191.3962123
-1,0,1,3,8,0,-6,-2,1652970191.4211783
-2,-1,0,11,-7,2,2,0,1652970191.4211783
-2,1,-2,-9,-6,-10,-4,-2,1652970191.4211783
0,0,0,3,1,-3,-1,-1,1652970191.4211783
0,-2,-5,-22,-22,4,-1,0,1652970191.4341438
-2,0,-2,13,18,8,1,0,1652970191.4341438
0,0,-1,13,12,-1,0,-1,1652970191.4341438
-1,0,-2,-3,-1,-2,-1,-1,1652970191.4341438
-1,-1,0,-3,-15,-1,0,0,1652970191.447077
-1,-1,1,-8,-14,-2,-1,1,1652970191.447077
1,0,1,0,-6,1,0,0,1652970191.4610732
-2,0,0,7,19,-1,0,-2,1652970191.4610732
-1,0,-3,-2,-7,-2,1,1,1652970191.4710438
0,-1,2,-9,-8,-3,0,-1,1652970191.4710438
-1,-1,4,10,29,4,-1,0,1652970191.4750326
0,-1,-2,-10,-14,-2,-3,-2,1652970191.4750326
-3,2,0,14,-7,-4,-3,-2,1652970191.4969437
-1,0,-2,13,-2,-8,-2,0,1652970191.4969437
-1,-1,-3,-9,16,16,2,0,1652970191.4969437
-1,-2,-2,-8,-16,-7,-2,-1,1652970191.4969437
1,0,1,7,19,3,1,-2,1652970191.5139017
0,2,1,4,32,-7,-5,-1,1652970191.5139017
2,0,1,4,-23,-7,-3,0,1652970191.5209124
0,-1,-6,-18,-60,-3,-4,-2,1652970191.5209124
-3,-5,-1,-4,-22,-3,-1,0,1652970191.5338798
-1,-1,3,2,-17,-6,-1,-2,1652970191.5338798
-2,-1,-4,-6,18,0,1,-3,1652970191.5338798
-1,-2,0,14,-8,4,2,0,1652970191.5338798
-1,0,-1,-8,-15,-6,-1,-1,1652970191.556816
1,1,0,-10,-21,3,2,1,1652970191.556816
0,1,1,18,23,-2,-1,-3,1652970191.556816
-2,-2,-4,-25,8,-1,-1,1,1652970191.556816
0,-1,1,7,-8,-2,2,0,1652970191.57676
-1,-4,-6,-9,1,8,1,-1,1652970191.57676
-3,-1,-2,-4,-6,-4,0,0,1652970191.57676
1,0,1,14,17,-2,0,-1,1652970191.57676
-2,-2,-1,4,8,-2,-1,-1,1652970191.5937173
0,2,4,-8,2,1,1,-2,1652970191.5937173
0,-1,1,6,-10,-4,-1,-1,1652970191.6007137
0,-1,0,3,13,-3,1,-1,1652970191.6007137
-1,-2,-3,-11,-6,4,-1,-2,1652970191.613631
1,-2,-2,-24,-49,2,2,1,1652970191.613631
-3,-2,0,27,29,-9,-4,-2,1652970191.620645
0,-2,2,12,26,10,0,-2,1652970191.620645
-1,1,0,18,3,-3,-4,-2,1652970191.6266265
0,-2,-4,-33,3,4,-1,0,1652970191.6266265
-2,-2,-2,-15,-40,-5,0,1,1652970191.6375668
-1,0,0,12,-10,-10,-2,0,1652970191.6375668
-1,-2,-2,3,2,0,0,-1,1652970191.6505747
-1,0,-2,3,11,-5,-5,0,1652970191.6505747
0,0,2,2,-4,1,-1,1,1652970191.6545525
-1,1,0,-12,-8,0,-1,-1,1652970191.6545525
1,-1,3,20,2,2,0,0,1652970191.675496
0,0,0,-13,18,2,0,-1,1652970191.675496
-2,-2,-2,-7,-6,3,-1,1,1652970191.675496
-1,-2,-5,-6,1,-3,-2,0,1652970191.675496
0,2,-1,-8,-7,0,0,-1,1652970191.6994321
-2,-2,-1,19,11,-2,-2,0,1652970191.6994321
1,-2,-2,1,-6,0,-2,-1,1652970191.6994321
0,-1,0,-3,5,4,1,-2,1652970191.6994321
-1,-1,-1,-10,5,-5,0,0,1652970191.7123976
0,0,-4,-1,-29,-6,-1,-1,1652970191.7123976
-1,-1,-3,-9,10,11,3,1,1652970191.7123976
1,0,0,0,-24,-15,-2,1,1652970191.7123976
-1,-1,-1,2,26,9,-1,-3,1652970191.7323527
-2,-1,2,18,24,5,-1,-3,1652970191.743318
-1,-1,2,7,-6,-6,0,-2,1652970191.743318
-2,-2,0,-6,27,9,0,0,1652970191.743318
-2,-1,-1,7,-4,-5,1,-1,1652970191.7572773
-1,-3,-4,-7,-6,-4,-1,-2,1652970191.7572773
1,-1,-5,-6,-2,1,-2,-2,1652970191.7572773
-1,1,5,10,10,-1,-1,-2,1652970191.7572773
-1,1,1,12,-1,-2,1,0,1652970191.7742338
-1,0,-2,-20,10,1,-1,-1,1652970191.7742338
0,-3,-1,-4,0,-3,1,-1,1652970191.7742338
-1,-2,-4,-5,1,3,-2,-1,1652970191.776228
0,-1,-1,-2,-13,-4,-1,-1,1652970191.8430629
0,0,0,5,-3,2,1,-1,1652970191.8430629
-1,-1,-2,-4,-1,-4,-1,-3,1652970191.8430629
-1,-1,1,16,6,2,0,0,1652970191.8430629
1,-1,-3,-14,-10,-3,0,0,1652970191.8430629
0,-1,-3,1,13,1,2,1,1652970191.8430629
-1,-1,-1,5,7,-7,-4,0,1652970191.8430629
-1,-2,-1,-8,-28,-6,-1,-2,1652970191.8430629
0,-3,-2,-16,15,1,-1,1,1652970191.8450613
-1,-1,2,34,22,-3,-1,0,1652970191.8450613
-2,-3,-4,-21,-11,1,-1,-2,1652970191.8450613
-1,-1,-6,-18,17,8,0,-1,1652970191.8450613
1,-1,-4,-17,-49,-8,1,-1,1652970191.859
-1,-1,-1,9,9,-6,-3,-4,1652970191.859
1,2,7,23,21,3,-2,-1,1652970191.859
-2,-4,-7,1,-1,-4,-3,-1,1652970191.859
-1,0,-7,-45,-15,0,-2,0,1652970191.882942
-2,0,6,26,25,2,-1,-2,1652970191.882942
-1,1,9,31,-23,0,1,0,1652970191.882942
0,-2,-6,-42,-11,-3,-2,-1,1652970191.882942
-2,-2,1,15,9,1,-2,-2,1652970191.8909128
1,-1,-5,-24,-34,-1,0,0,1652970191.8909128
-3,-1,-5,-20,15,10,3,0,1652970191.901896
0,1,2,14,-9,-10,-1,-2,1652970191.901896
-2,-1,1,8,0,-5,0,-2,1652970191.9422584
-2,-1,-3,-12,-4,-2,0,-2,1652970191.9422584
-1,-2,0,11,6,2,2,-2,1652970191.9422584
1,1,0,11,13,2,1,-1,1652970191.9422584
0,-1,0,7,-1,-3,0,1,1652970191.9422584
-2,-1,0,-3,-7,-1,0,-3,1652970191.9422584
-2,0,-3,22,7,-4,-1,-1,1652970191.9422584
-2,-1,-3,-43,-11,-4,2,0,1652970191.9422584
