-2,-5,3,5,5,8,4,-2,1652970164.670715
2,-1,-8,26,14,-21,4,2,1652970164.670715
-2,-6,-11,-53,11,-10,-1,-3,1652970164.684713
3,8,17,12,-70,-59,3,2,1652970164.684713
-1,-2,3,65,48,-42,4,2,1652970164.6867244
-6,-3,6,8,-43,-57,-10,-8,1652970164.6867244
0,3,4,66,17,-26,1,2,1652970164.7081046
-8,-14,-43,-119,-76,-2,-8,-7,1652970164.7140875
2,1,-3,32,30,23,5,2,1652970164.7140875
0,-1,-10,-63,-33,-6,2,1,1652970164.7140875
2,14,73,123,30,-27,-3,-3,1652970164.7230659
5,1,-16,-35,47,-23,8,4,1652970164.7230659
-3,0,4,32,-32,-27,-3,1,1652970164.731044
-3,-5,-6,10,-71,-45,-7,-5,1652970164.731044
-7,-11,-41,-16,2,-28,-3,-7,1652970164.7447515
2,12,45,14,42,-29,-1,0,1652970164.7447515
-4,-2,2,46,32,0,-5,-1,1652970164.7447515
0,-2,-31,-65,-70,-4,-6,-3,1652970164.7447515
2,8,56,109,77,19,0,-1,1652970164.7696836
-9,-15,-32,-63,-22,0,-5,-8,1652970164.7696836
3,2,1,21,6,-33,-2,0,1652970164.7696836
2,2,12,-95,-37,1,0,0,1652970164.7696836
5,0,-13,84,-58,7,1,5,1652970164.7766654
-5,-13,-19,19,50,31,-3,-4,1652970164.7766654
-3,-13,-1,64,13,3,1,-4,1652970164.7936206
-1,-8,-10,-39,16,49,2,-1,1652970164.7936206
0,7,-33,-92,13,105,-2,-3,1652970164.8025966
0,6,-9,-42,-20,127,1,1,1652970164.8025966
-2,10,23,-15,-112,47,-9,-5,1652970164.810575
-2,-2,-18,26,79,-97,6,0,1652970164.8145645
-2,-4,0,-8,-53,-128,-5,-4,1652970164.8285322
0,-6,8,21,45,-128,-2,-1,1652970164.8285322
-4,-22,-57,-49,-43,-35,-5,-5,1652970164.8285322
2,6,24,-49,17,37,-1,-1,1652970164.8285322
0,-14,-6,5,1,32,0,1,1652970164.8389986
-1,6,-24,-19,-57,38,-2,0,1652970164.8389986
1,22,45,50,22,34,-2,1,1652970164.8469424
1,15,35,53,-8,52,0,-1,1652970164.8469424
2,11,12,55,92,31,5,4,1652970164.8619337
-3,-4,-13,-95,-91,20,-8,-5,1652970164.8619337
4,-5,-17,-22,31,20,2,4,1652970164.8619337
-8,-8,-15,127,20,83,-16,-8,1652970164.8619337
2,-2,-14,-74,-45,115,0,3,1652970164.887865
2,-6,-2,85,51,127,6,1,1652970164.887865
-1,-1,-2,17,-12,127,-4,-2,1652970164.8898597
6,13,18,-24,16,112,8,6,1652970164.8898597
-9,-10,-4,-42,-38,-52,-6,-6,1652970164.896843
14,29,71,68,-21,-101,6,9,1652970164.896843
1,1,-36,-121,-78,-128,5,0,1652970164.9048212
-1,-4,-18,75,41,-128,-5,-3,1652970164.9048212
-3,1,21,41,-50,-104,-3,-5,1652970164.9247675
-8,-22,-25,0,-5,23,-14,-10,1652970164.9247675
-2,-5,-4,-50,19,-51,3,2,1652970164.9327524
3,-1,21,18,36,85,9,6,1652970164.9327524
1,-9,-40,-81,-14,116,13,7,1652970164.9482903
-5,-2,20,65,27,6,-16,-3,1652970164.9482903
-11,-10,-17,105,-8,127,-9,-7,1652970164.9482903
-12,-15,-50,-45,-24,111,-3,-6,1652970164.9482903
10,10,46,-9,36,68,9,9,1652970164.956255
-1,-10,-23,-26,-19,-46,3,2,1652970164.956255
-5,3,32,-65,-12,-96,-8,-3,1652970164.9702187
-1,-5,0,55,9,-128,1,1,1652970164.9702187
-4,-10,-2,-4,-11,-120,7,-3,1652970164.9841497
7,-4,-74,-54,-31,-82,1,4,1652970164.9841497
-2,-4,-4,-5,27,-112,0,-4,1652970164.9911635
1,9,74,44,-7,-94,11,2,1652970164.9911635
0,-10,-23,-27,56,-91,9,-1,1652970165.0081189
6,5,-24,-76,-23,-104,5,6,1652970165.0081189
-1,-5,-3,91,46,-44,-10,-7,1652970165.0081189
2,13,50,-29,-54,-66,-12,-3,1652970165.0081189
-2,7,5,18,0,-7,-6,-3,1652970165.0200844
-3,-5,15,-4,83,-15,12,0,1652970165.0200844
7,-3,-34,-70,-38,10,1,4,1652970165.0300577
5,-1,-2,62,64,-32,3,3,1652970165.0300577
-9,-9,-47,-96,-31,-52,-10,-6,1652970165.076964
-15,-2,-16,88,-35,-3,-5,-12,1652970165.076964
-9,2,27,77,48,-60,3,-2,1652970165.0879722
11,-2,-16,-90,-70,-114,-5,5,1652970165.0879722
7,2,-5,-31,16,-128,12,6,1652970165.0879722
12,7,39,60,28,-124,-25,5,1652970165.0879722
5,4,-4,-73,-15,-111,11,2,1652970165.0879722
-9,-11,-32,-73,-72,-71,-10,-9,1652970165.0879722
-12,-2,-28,-39,-5,-34,2,-7,1652970165.0879722
-6,3,21,-38,-43,-16,5,-3,1652970165.0879722
10,15,55,52,-1,7,-2,3,1652970165.0889733
9,5,-7,-4,57,71,5,6,1652970165.0889733
2,-19,20,5,-45,-70,-10,-1,1652970165.1038957
-1,-2,26,26,9,50,11,-1,1652970165.1038957
-17,-40,-4,-65,-37,-1,-1,-7,1652970165.150181
-7,-33,-80,-50,14,16,-9,-9,1652970165.1581826
9,39,86,72,40,81,7,7,1652970165.1581826
5,30,18,120,67,26,18,6,1652970165.1581826
7,45,13,-43,-35,69,-7,0,1652970165.1591697
-13,21,-21,18,8,36,-4,-7,1652970165.1591697
-9,7,-86,-14,10,8,-13,-8,1652970165.1591697
4,21,44,-102,-57,-12,4,4,1652970165.1591697
0,8,-1,-7,57,38,22,5,1652970165.1601343
-5,-12,-27,31,-26,-112,1,-1,1652970165.1601343
-8,-18,-22,-27,-96,-52,-14,-7,1652970165.1881006
12,-10,9,-16,30,42,4,4,1652970165.1881006
10,-41,46,61,-15,50,-2,12,1652970165.2333372
0,-30,30,41,50,4,-14,-6,1652970165.2333372
6,-18,-1,24,61,61,0,-3,1652970165.2333372
-18,-26,-61,-123,80,18,-1,-10,1652970165.2333372
-5,-15,11,65,-39,13,0,-5,1652970165.2433157
-1,12,-5,-8,91,102,16,5,1652970165.2433157
-6,12,-9,-21,66,38,5,1,1652970165.2433157
-5,17,36,42,81,34,-27,-13,1652970165.2433157
4,27,-29,-43,-23,-48,6,0,1652970165.2433157
-6,2,-33,109,-3,60,22,1,1652970165.2433157
4,16,39,-47,-59,-1,-23,2,1652970165.2433157
-1,-12,-61,-54,14,43,7,12,1652970165.2433157
3,6,8,-3,101,12,15,-21,1652970165.2433157
-11,-13,6,37,-77,-74,-9,-3,1652970165.2433157
10,-10,-68,-16,20,-3,0,20,1652970165.2791085
-19,-32,46,90,-128,-58,-10,-15,1652970165.2791085
3,13,-17,-106,121,106,-16,-4,1652970165.284096
4,4,23,30,59,-83,-16,-2,1652970165.284096
-6,-15,-102,-38,21,12,19,-3,1652970165.284096
13,36,95,62,42,93,-9,5,1652970165.284096
0,0,-21,-11,-98,29,18,17,1652970165.284096
-11,-4,7,-60,46,-15,-22,-15,1652970165.284096
0,-6,18,28,-2,100,18,10,1652970165.3321779
4,-1,-41,-108,80,-93,14,8,1652970165.3321779
4,17,70,109,-31,-70,-6,0,1652970165.3561237
8,-11,-46,-128,-88,85,2,2,1652970165.3561237
9,18,97,127,21,1,8,3,1652970165.3561237
5,10,40,92,-53,72,9,0,1652970165.3561237
-4,-12,-74,-90,82,-10,-6,4,1652970165.3561237
1,-4,-9,10,-105,34,18,6,1652970165.3561237
-4,-5,-33,60,70,-98,-26,-14,1652970165.3561237
-19,-15,-2,-56,-122,-70,-32,-19,1652970165.3561237
3,-28,-39,-87,35,77,23,16,1652970165.3561237
7,20,91,70,-104,-88,-10,2,1652970165.3561237
-2,-3,36,25,55,40,-11,-10,1652970165.3660827
-3,-11,-41,-48,33,-6,2,-3,1652970165.3660827
-3,14,-26,-32,-115,-30,-7,-4,1652970165.3660827
-14,4,8,-57,27,76,6,-8,1652970165.3660827
2,25,73,-49,-79,-13,8,4,1652970165.3760521
5,-2,-62,68,-66,65,31,8,1652970165.3760521
-12,-4,-29,71,-26,-111,-59,-16,1652970165.3760521
8,-1,-17,-98,-75,-51,-12,4,1652970165.3760521
-2,7,45,46,61,-8,-7,-5,1652970165.4071023
9,-39,-128,-128,24,56,48,19,1652970165.4071023
-18,-18,57,-9,89,28,-1,-16,1652970165.4071023
2,18,105,127,-47,-40,-11,-3,1652970165.4071023
9,-4,-44,-128,-63,-23,0,6,1652970165.4071023
-9,-16,7,-113,-47,38,-3,-3,1652970165.4071023
-9,-5,19,127,94,48,-9,-10,1652970165.4140792
4,12,1,58,28,-92,-7,3,1652970165.4140792
-4,-9,-51,-68,-128,-61,-6,-6,1652970165.4220583
-4,-2,1,100,96,-47,-22,-6,1652970165.4220583
-3,-15,-81,-119,1,25,12,2,1652970165.4300368
5,10,4,-72,29,73,17,7,1652970165.4300368
0,-6,-4,21,62,0,1,4,1652970165.4499967
12,35,73,-6,61,-2,1,8,1652970165.4499967
-7,1,24,46,-128,-108,-24,-13,1652970165.4549701
-2,-10,-74,-107,-11,52,9,2,1652970165.4549701
-2,-10,-42,41,17,-6,-4,-3,1652970165.4629483
-7,1,8,6,60,-48,-24,-13,1652970165.4629483
6,-1,-27,-60,12,-29,15,8,1652970165.4729266
-5,12,65,51,35,60,2,-4,1652970165.4729266
-1,0,17,17,43,61,2,0,1652970165.4938757
-3,-2,9,9,-97,-44,-14,-9,1652970165.4978664
6,-3,-33,-64,-4,6,3,6,1652970165.4978664
5,3,18,113,27,-38,-3,3,1652970165.4978664
-14,-24,-70,-89,19,60,2,-8,1652970165.5068262
-2,4,-6,19,-15,-22,-5,-1,1652970165.5068262
3,7,12,-3,-17,3,-1,3,1652970165.5138147
-7,-26,-70,-34,17,28,5,-3,1652970165.5138147
8,26,71,18,43,18,6,2,1652970165.522789
-1,7,16,110,-1,17,0,-2,1652970165.522789
4,3,-7,-88,-122,-13,0,4,1652970165.5297718
0,-13,-20,19,100,34,0,2,1652970165.5297718
-8,-10,-3,20,-23,-61,-8,-7,1652970165.5477252
-1,-1,-2,13,-7,-8,-5,-4,1652970165.5477252
1,-1,-1,-61,12,23,8,4,1652970165.5477252
6,0,-6,-18,-54,8,6,3,1652970165.5477252
-6,0,44,89,-3,-12,-4,-5,1652970165.5696628
1,8,23,62,-48,-22,-1,0,1652970165.5696628
1,-18,-23,-61,-20,-53,-9,-3,1652970165.5716603
3,-15,-36,-60,49,32,3,-1,1652970165.5716603
3,3,26,25,-19,15,-2,1,1652970165.5796387
-4,-9,-26,-20,-26,33,4,-2,1652970165.5796387
6,20,-12,-53,-12,2,5,4,1652970165.6431375
1,13,77,95,22,15,0,-2,1652970165.6431375
-6,-20,-25,-94,-96,-47,-4,-5,1652970165.6431375
2,9,9,-35,1,-12,-1,1,1652970165.6431375
-1,14,4,32,47,33,-1,-1,1652970165.6431375
-1,8,-17,-36,3,-13,-3,0,1652970165.6431375
-5,1,-16,13,-21,24,-1,-4,1652970165.6431375
2,-4,5,-20,-22,-11,-1,2,1652970165.6431375
1,6,19,95,17,27,4,1,1652970165.6431375
-4,-2,-16,0,-38,20,2,1,1652970165.6431375
3,4,21,42,-14,-15,-4,1,1652970165.6660182
4,-1,-14,-60,60,-1,3,1,1652970165.6660182
0,-14,11,21,15,-5,1,-2,1652970165.6660182
-1,-9,-13,-21,13,-5,0,0,1652970165.6660182
-3,-6,-15,-29,31,32,1,1,1652970165.6660182
-3,7,-2,42,6,-4,-3,0,1652970165.6660182
-4,12,12,21,74,37,5,1,1652970165.6660182
1,20,-1,-38,-22,-8,-8,-2,1652970165.6660182
0,8,0,25,17,37,4,1,1652970165.6909835
0,6,-7,-6,-5,-7,-1,-1,1652970165.6909835
3,6,7,15,-21,-15,-1,4,1652970165.6909835
-13,-19,-17,-10,17,-5,0,-6,1652970165.6919498
6,-2,-3,-46,22,-3,2,2,1652970165.739115
4,1,-1,19,-20,-9,-4,-2,1652970165.739115
-16,-17,0,25,-5,-3,0,14,1652970165.7460778
10,20,-10,-17,10,-14,5,-34,1652970165.7460778
4,12,-8,-5,-11,-17,-18,11,1652970165.7460778
-9,-17,-3,-22,-15,0,2,-5,1652970165.7460778
2,2,9,18,-19,-13,4,10,1652970165.7460778
-1,-22,-2,18,14,2,-2,19,1652970165.7460778
-11,-8,1,-9,-12,-3,11,-6,1652970165.7460778
1,-4,-17,-13,-3,-6,-2,-6,1652970165.7460778
-10,-10,9,15,2,3,-3,-8,1652970165.7510614
3,2,-1,-2,23,-8,-3,-3,1652970165.7510614
7,7,0,2,3,15,-9,-5,1652970165.811028
0,-11,0,8,49,-5,-10,16,1652970165.8130238
-2,-13,2,2,2,-9,9,-30,1652970165.8130238
3,24,2,-6,-1,-13,-4,0,1652970165.8130238
-9,-15,-2,12,-17,-25,-1,-3,1652970165.8130238
3,-11,0,10,14,16,10,6,1652970165.8130238
-7,21,1,-19,15,-1,-6,3,1652970165.8130238
-1,-2,-12,-39,-16,-12,-3,0,1652970165.8130238
5,-4,2,19,-1,13,1,5,1652970165.8130238
-18,5,0,-2,-18,-12,23,-5,1652970165.8130238
-11,-20,5,8,-25,-2,-12,-10,1652970165.8130238
19,17,-2,-2,-18,-4,-18,10,1652970165.8130238
-6,-11,-8,-14,-19,-3,-3,-12,1652970165.8648727
4,7,1,-6,-23,-5,-14,-10,1652970165.8648727
23,11,8,8,-16,0,43,44,1652970165.8648727
-26,-24,-2,-6,-3,5,25,4,1652970165.8648727
18,-4,-3,7,-5,-2,-47,2,1652970165.9078758
-13,2,0,-8,0,0,5,-1,1652970165.9078758
11,18,0,-2,-1,-4,-30,-18,1652970165.9078758
-15,-5,-3,1,2,8,14,0,1652970165.9078758
9,-3,8,17,-28,-10,9,-3,1652970165.9158475
-26,-22,-12,-19,41,5,-5,-16,1652970165.91883
-3,-2,-5,-2,1,-12,-7,-3,1652970165.91883
13,11,8,23,-1,0,0,3,1652970165.91883
-9,6,0,-1,-19,-2,9,-5,1652970165.91883
3,-12,0,-7,-19,2,-1,0,1652970165.91883
2,-13,1,9,-2,-5,1,-2,1652970165.91883
15,30,-2,8,3,-2,-9,0,1652970165.91883
1,1,2,4,9,3,8,-1,1652970165.91883
14,11,6,-1,-4,13,-8,7,1652970165.91883
-10,-17,-12,6,0,18,-7,-4,1652970165.91883
-16,-18,3,-8,-1,14,-5,-8,1652970165.91883
1,19,10,-8,7,7,6,4,1652970165.9485223
5,-4,-5,-16,-5,-1,1,-6,1652970165.9485223
-6,-11,0,-11,-9,-3,6,5,1652970165.9485223
13,11,-7,4,11,1,-4,-2,1652970165.9485223
-7,-3,-6,-2,-3,-3,15,4,1652970165.9485223
1,-7,-2,-9,-12,-16,-3,-1,1652970165.9485223
2,7,0,16,10,-18,0,-4,1652970165.9485223
4,-1,-5,-2,-15,-10,-9,1,1652970165.9485223
-9,-12,-13,2,0,2,4,2,1652970165.9634824
-7,22,21,-6,-21,-11,-1,0,1652970165.9634824
15,-2,-14,10,36,1,-6,-5,1652970166.0104554
-13,-3,22,17,8,7,6,4,1652970166.0104554
-1,-11,-17,-25,-7,-2,-3,-7,1652970166.0223923
9,4,-34,-34,-15,9,1,3,1652970166.0223923
-4,13,25,18,11,14,-3,-1,1652970166.0223923
-3,-14,-8,0,8,10,3,-1,1652970166.0223923
-3,-2,-7,14,2,3,32,-1,1652970166.0223923
3,5,43,23,3,-20,2,0,1652970166.0223923
-3,4,21,6,-16,-27,-7,-4,1652970166.0435314
-8,-11,-5,-4,1,-18,-15,-1,1652970166.0435314
-1,4,4,18,3,-8,-18,-2,1652970166.0494747
-1,-6,-19,-15,-11,-14,-10,1,1652970166.0494747
2,4,-10,-9,3,-6,-9,-4,1652970166.0514698
-7,-21,-3,-4,-1,0,0,-1,1652970166.0514698
0,6,-9,-18,3,17,-4,-2,1652970166.0514698
11,4,-1,11,-2,3,0,0,1652970166.0514698
7,9,-4,-15,-9,19,2,2,1652970166.0514698
-4,-1,-6,-14,1,9,3,-3,1652970166.0514698
-14,-13,7,2,-5,-6,-4,-2,1652970166.0704186
-3,-11,-2,35,26,10,-4,-1,1652970166.073413
0,2,-18,-38,-33,5,4,1,1652970166.073413
2,-5,-14,5,4,6,2,-1,1652970166.073413
2,13,32,-1,-4,-2,-1,0,1652970166.1192186
0,1,11,-10,17,5,2,-1,1652970166.1311662
-3,-3,2,12,1,-7,2,-2,1652970166.1311662
1,-4,-10,0,17,2,1,-1,1652970166.1311662
2,2,-5,14,-6,3,-1,-1,1652970166.1311662
-15,-4,-3,19,2,-8,-2,0,1652970166.1311662
6,-8,-7,-21,-15,4,0,-4,1652970166.1311662
5,6,3,-5,-14,-8,-1,1,1652970166.1311662
-1,0,-1,12,6,-9,-3,0,1652970166.1311662
0,-4,-6,-12,-11,-9,-1,20,1652970166.1311662
-8,0,-1,5,-4,6,1,-26,1652970166.132129
2,-2,7,3,10,-6,-2,0,1652970166.132129
-2,-3,0,2,7,5,9,0,1652970166.148086
0,1,-9,-2,-1,7,1,-4,1652970166.148086
4,2,8,-2,2,-4,-2,7,1652970166.1560965
11,1,-7,-12,-10,2,1,1,1652970166.1560965
-17,-3,-9,-28,-3,-16,-3,-6,1652970166.1700618
-1,-4,-2,20,-1,5,-1,-1,1652970166.1740603
-4,1,2,29,2,4,0,2,1652970166.1740603
-2,-4,-2,-30,-4,-6,-2,-6,1652970166.1740603
6,0,-5,-4,3,-4,-3,2,1652970166.1890128
2,2,1,-3,0,3,2,-6,1652970166.1890128
-1,4,7,-14,4,2,1,3,1652970166.1890128
-1,3,3,42,-29,3,3,0,1652970166.1890128
2,-1,8,1,62,4,-3,-1,1652970166.2049694
-1,-2,-7,-38,-52,-10,-6,-5,1652970166.2049694
0,-1,-12,-1,-6,-5,-3,1,1652970166.2119477
-3,-1,1,-7,4,3,5,4,1652970166.2119477
0,-4,-18,-39,-21,9,-3,-2,1652970166.2378783
1,1,11,103,94,9,0,-6,1652970166.2378783
-2,3,19,-25,-76,-8,-1,4,1652970166.2378783
0,3,19,74,3,-16,-2,-2,1652970166.2378783
0,-5,-45,-21,22,26,0,2,1652970166.2528412
2,7,54,-58,-12,-6,-1,-1,1652970166.2528412
1,2,-14,12,25,-8,0,1,1652970166.2528412
-1,6,37,31,-42,36,6,2,1652970166.2528412
-1,-2,-3,47,8,-38,-5,-3,1652970166.2739723
-2,-3,-22,-60,-35,-1,-5,-3,1652970166.2739723
0,-1,13,51,117,9,2,1,1652970166.2759676
-7,-12,-20,-68,5,-10,-9,-7,1652970166.2789676
3,1,-5,20,-20,11,3,2,1652970166.2879364
1,0,-18,60,-62,-8,1,1,1652970166.2879364
-2,1,8,-48,-21,-17,-5,-4,1652970166.2879364
-4,-3,-21,-95,8,-1,-2,-2,1652970166.2879364
1,8,45,43,-5,-11,3,1,1652970166.308879
-5,-12,-24,11,81,22,-2,-5,1652970166.308879
4,3,13,-62,-87,13,6,4,1652970166.308879
-4,-4,-14,80,86,33,-2,-4,1652970166.308879
-2,2,13,55,8,-3,-7,-4,1652970166.3268292
6,4,-15,-99,46,-5,4,4,1652970166.3268292
-4,-8,-24,43,-39,24,2,0,1652970166.3337789
-2,0,-16,-128,-118,-34,-10,-3,1652970166.3358154
0,-2,6,73,30,36,8,-2,1652970166.3507664
-4,4,13,44,-75,0,-3,-4,1652970166.3507664
3,-4,-17,23,63,19,6,5,1652970166.3507664
3,7,21,40,-16,-10,-3,3,1652970166.3507664
0,5,14,-25,-3,39,2,3,1652970166.37467
-2,-1,14,-38,9,61,2,1,1652970166.37467
-4,-3,0,2,-42,71,6,-2,1652970166.3766973
11,6,1,10,-31,-33,-4,20,1652970166.3766973
-2,-3,1,78,92,21,3,-17,1652970166.3846838
-10,-13,-31,-92,-60,-106,-19,-13,1652970166.3846838
-2,2,-15,-12,13,-41,11,0,1652970166.392655
3,1,8,62,90,-11,-2,-2,1652970166.392655
-1,-5,-4,-49,-55,-71,-17,5,1652970166.407613
8,6,4,92,86,95,28,10,1652970166.407613
-6,-1,-6,-54,-26,-7,-15,-8,1652970166.407613
-2,1,-2,69,1,-74,-11,-4,1652970166.407613
1,4,-5,-20,-26,-1,3,4,1652970166.4345407
-1,-8,-22,-53,34,85,9,-3,1652970166.4345407
-5,-5,15,86,0,-63,-24,-6,1652970166.4345407
2,-2,-11,-62,58,71,13,2,1652970166.4345407
-8,-9,-4,-91,-8,-69,-17,-10,1652970166.4415226
0,1,-7,69,-70,-81,-10,-2,1652970166.4415226
-7,-12,-26,-83,45,-12,-7,-2,1652970166.4534588
-11,-7,-30,18,-32,-26,4,-9,1652970166.4534588
6,11,42,-31,-61,39,0,4,1652970166.4754336
1,-2,-25,-86,38,-41,1,5,1652970166.4754336
-3,-3,6,63,78,-53,12,-2,1652970166.4754336
-7,-7,-22,-51,-38,32,-23,-12,1652970166.4754336
-2,0,-2,-31,-73,-41,-9,0,1652970166.4893954
-2,1,16,123,64,61,1,-4,1652970166.4893954
12,5,-38,-108,-128,-17,8,8,1652970166.4893954
2,8,89,113,76,45,17,2,1652970166.4893954
-4,-2,7,-6,84,7,2,-2,1652970166.5043235
-2,-12,-4,11,16,-10,-4,-3,1652970166.5043235
10,14,24,123,43,71,16,9,1652970166.5123348
-5,-12,-29,-62,-40,-60,-15,-7,1652970166.5123348
3,-8,-90,-115,-40,28,-2,2,1652970166.5302854
0,17,84,82,52,-55,-12,-2,1652970166.5302854
-7,-11,-33,1,70,-32,-12,-7,1652970166.5302854
1,5,54,-1,-92,-54,3,1,1652970166.5302854
-6,4,40,-55,35,-56,-7,-5,1652970166.5512242
-3,-10,-76,-82,-102,-46,-10,-7,1652970166.5512242
5,12,67,27,-62,-17,-10,4,1652970166.5531921
-3,3,42,56,28,-11,10,-1,1652970166.5531921
1,-6,-20,16,68,33,-5,3,1652970166.5771298
0,-11,-48,-57,-109,-58,0,-2,1652970166.5791557
-5,3,48,-112,42,73,3,-5,1652970166.5791557
0,-15,-86,57,-87,20,-1,0,1652970166.5791557
9,20,89,86,-7,42,25,11,1652970166.5871344
3,3,-21,27,-13,7,-9,-2,1652970166.5871344
-8,-17,-35,107,15,-65,-6,-7,1652970166.5871344
4,16,41,-57,-89,-41,2,5,1652970166.5871344
0,1,-5,21,-67,65,4,3,1652970166.609077
8,5,-43,13,105,120,9,9,1652970166.609077
-7,9,84,88,-118,-55,-31,-17,1652970166.609077
0,-9,-62,-82,102,60,13,4,1652970166.609077
3,-9,-75,-70,36,40,36,11,1652970166.6370018
-5,-11,-47,-70,53,35,-5,-7,1652970166.6370018
9,21,39,38,1,47,18,13,1652970166.6370018
-5,-7,-45,-122,51,-24,-10,-6,1652970166.6370018
8,10,9,24,-78,-58,1,6,1652970166.6499326
-7,2,51,-35,-33,-6,-2,-8,1652970166.651962
11,1,-46,-128,-37,111,19,13,1652970166.651962
-4,-5,-8,112,34,23,-9,-7,1652970166.651962
-6,-5,11,3,-53,-57,-16,-8,1652970166.6758983
-3,9,70,71,78,-3,6,2,1652970166.6758983
6,-1,-18,-76,-39,0,8,7,1652970166.6758983
-3,-5,-18,-21,51,46,17,2,1652970166.6758983
-7,-12,-65,5,53,23,-47,-15,1652970166.6938484
-6,-11,-28,-83,-92,-65,-17,-9,1652970166.6938484
8,17,50,14,105,105,27,11,1652970166.6938484
-8,-22,-116,-104,-97,-76,-20,-8,1652970166.6938484
-10,-2,72,107,35,10,-3,-8,1652970166.7087765
13,19,43,-47,-105,42,13,11,1652970166.7087765
-18,-33,-109,-60,-8,19,-7,-10,1652970166.7087765
3,0,-2,-5,113,-45,8,5,1652970166.7087765
-10,-11,-30,-38,-81,-15,-1,-11,1652970166.7347395
-2,3,48,125,-76,-67,-7,-1,1652970166.7347395
-6,-16,-60,-101,47,-80,-8,-4,1652970166.7347395
0,1,36,64,-10,44,-7,-7,1652970166.7347395
8,10,-25,-103,-28,-39,18,11,1652970166.7579434
-4,-13,10,-112,15,-3,-6,-3,1652970166.7579434
1,2,32,127,35,16,0,-2,1652970166.7579434
-2,10,96,-78,63,-50,-17,-5,1652970166.7579434
-4,-15,-63,22,-23,-15,-8,-5,1652970166.7649002
10,16,-19,-22,-15,21,23,15,1652970166.7649002
-4,-2,-46,-14,-23,-69,-19,-8,1652970166.7649002
-4,1,33,-49,5,86,2,-6,1652970166.7658932
12,13,3,-41,58,49,22,13,1652970166.7928505
-16,-15,13,103,127,-57,-22,-16,1652970166.7928505
-1,-12,-59,-41,-52,-84,-25,-1,1652970166.7928505
14,12,39,-20,27,35,26,21,1652970166.7928505
-4,-6,0,78,78,-26,-18,-4,1652970166.814795
12,22,35,5,-4,78,22,1,1652970166.814795
-8,-13,-19,-25,-6,85,17,-2,1652970166.814795
-3,1,-8,-5,-3,-29,-14,-8,1652970166.814795
1,18,104,77,-78,-24,-6,0,1652970166.8207772
2,-2,-44,-77,-99,81,13,12,1652970166.8227723
0,-6,-21,-14,84,81,15,1,1652970166.8604527
-3,-4,-11,11,37,-9,-5,-2,1652970166.8604527
-9,-8,42,65,-44,-17,-7,-9,1652970166.8704104
3,-7,-44,-14,-53,15,0,5,1652970166.8704104
1,11,64,34,33,-5,6,2,1652970166.8704104
-3,-8,-53,-28,73,65,8,-4,1652970166.8704104
3,1,-5,-24,-59,-88,-14,1,1652970166.8704104
-8,-2,9,125,1,-14,-22,-14,1652970166.8704104
-7,-1,28,-52,-14,-109,-27,-3,1652970166.8704104
11,-2,-55,-35,-116,56,48,18,1652970166.8704104
-10,-23,-83,5,58,-59,-45,-15,1652970166.9262276
5,25,57,74,40,-41,-1,4,1652970166.9262276
2,3,8,-18,6,-9,1,0,1652970166.947169
-6,-5,-11,-12,-34,43,-8,-6,1652970166.947169
-10,-12,-42,-128,47,5,14,-3,1652970166.947169
3,-3,5,-12,2,59,14,8,1652970166.947169
-3,9,45,127,27,-30,-15,-8,1652970166.947169
-5,-9,-24,14,-106,-38,-15,-6,1652970166.947169
7,11,-10,-93,96,122,28,6,1652970166.947169
-6,-6,-11,-70,-43,-77,-10,-7,1652970166.947169
-2,-8,-39,-73,1,66,7,10,1652970166.947169
-12,8,98,127,-47,-44,-23,-15,1652970166.947169
7,15,14,-15,-77,-28,2,6,1652970166.947169
-2,-6,-28,-101,-17,-70,-2,-2,1652970166.947169
1,-5,-22,48,-58,-68,-13,-4,1652970166.9571676
-1,1,-6,-89,-38,-9,-7,-2,1652970166.9571676
-1,-4,-11,11,27,78,8,-3,1652970166.9621542
0,-6,31,108,-54,-51,-3,-2,1652970166.9621542
-5,1,23,16,-46,33,5,-4,1652970166.9701407
11,10,-15,11,35,17,0,11,1652970166.9701407
-4,0,21,-19,-85,-45,-1,-5,1652970166.9791145
-2,-13,-40,-37,41,2,-3,-2,1652970166.9791145
2,-2,-22,38,8,-25,0,2,1652970166.9850986
1,3,30,-15,-1,14,2,-2,1652970166.9850986
4,4,-4,-13,-9,-14,0,4,1652970166.9990633
2,3,6,-33,16,17,6,4,1652970166.9990633
-5,-2,-1,-11,0,-6,-4,-8,1652970167.0060434
-2,-4,-16,-18,-30,4,3,-1,1652970167.0060434
-3,-3,6,70,36,-3,3,0,1652970167.0219684
-3,-1,-8,-32,-14,9,-7,-4,1652970167.0219684
2,6,11,-15,3,-3,-6,-2,1652970167.0219684
-1,-8,-20,-25,-30,-25,-2,-1,1652970167.0219684
8,10,28,58,25,59,18,8,1652970167.0811262
-6,-4,-13,-21,69,17,0,-4,1652970167.0811262
-2,-2,-11,-29,-50,-21,0,-4,1652970167.0811262
2,3,21,53,22,-10,-10,0,1652970167.0811262
-5,-8,-13,20,-17,-14,-7,-5,1652970167.0811262
-1,-2,-11,4,-29,10,2,1,1652970167.0811262
1,0,10,-30,-26,-1,1,-1,1652970167.0811262
-17,-3,-8,6,33,-3,5,9,1652970167.0811262
14,0,7,9,27,41,1,3,1652970167.101442
-4,-5,-8,-1,-1,1,-4,-15,1652970167.1134088
-10,-4,-5,5,-15,6,4,0,1652970167.1203904
-2,-1,11,54,0,-11,-3,-7,1652970167.1203904
-18,-46,-23,-98,5,-1,-6,-10,1652970167.1203904
-2,50,0,-3,25,10,-3,11,1652970167.1203904
56,12,0,-28,44,11,6,12,1652970167.1203904
4,8,3,42,15,-1,2,-1,1652970167.1203904
3,9,15,52,25,19,2,3,1652970167.1420586
-16,-30,-8,-5,13,-5,-2,-8,1652970167.1420586
-25,-10,-5,-34,-23,-6,-13,-13,1652970167.1445596
4,-3,-13,0,9,-1,10,9,1652970167.1445596
-9,0,-8,-31,-89,-28,-12,-8,1652970167.1445596
4,11,13,38,21,2,-2,-16,1652970167.1445596
-4,10,-2,18,47,18,-1,15,1652970167.2025173
4,-10,0,-23,-16,-11,-12,-30,1652970167.2025173
-12,-18,-5,10,16,2,-6,45,1652970167.2025173
-70,-24,-4,-9,9,9,41,-13,1652970167.2025173
50,36,-2,-18,-18,6,-15,-2,1652970167.2164776
-46,-71,-8,0,18,12,2,-24,1652970167.2164776
-2,46,6,2,10,-8,12,-9,1652970167.2215052
39,30,4,-6,8,-8,-19,-3,1652970167.2215052
-2,34,4,17,11,-4,24,4,1652970167.2215052
68,18,3,9,12,-11,-16,49,1652970167.2215052
-7,-27,-6,-10,27,-7,-6,-1,1652970167.2215052
-8,-36,4,2,3,-21,-9,5,1652970167.2215052
-43,-18,4,12,17,-6,-8,-26,1652970167.2224612
-9,3,-4,-13,14,-15,6,1,1652970167.2224612
-4,-9,-5,1,-21,-19,-1,-9,1652970167.2224612
4,3,-9,-29,-17,0,-4,-5,1652970167.2224612
-9,-19,1,8,-19,-1,-6,1,1652970167.2294765
1,16,-1,-15,1,3,8,1,1652970167.2294765
1,-15,-7,-10,-7,-1,-1,-9,1652970167.2374551
17,36,3,19,-15,-10,-7,5,1652970167.2374551
4,-8,-5,-3,-4,-2,9,5,1652970167.2444718
-12,8,4,8,-12,-4,-2,-1,1652970167.2444718
-11,7,-4,-1,-1,-4,-8,-15,1652970167.2633893
-10,-7,2,0,5,0,3,12,1652970167.2633893
9,-10,3,-3,-6,-5,5,7,1652970167.271368
-13,11,4,7,-7,-1,-27,4,1652970167.271368
29,14,0,-8,-15,-8,5,-5,1652970167.3387537
4,-19,-10,4,1,1,-5,-20,1652970167.3387537
-7,-2,-2,8,-11,-5,4,-6,1652970167.3387537
-7,10,5,-14,0,9,21,-11,1652970167.3387537
-6,-6,2,-2,-2,8,2,18,1652970167.3387537
3,-10,-1,3,-1,1,-39,-8,1652970167.3387537
2,-4,-1,8,7,3,-43,-8,1652970167.3387537
7,-6,-11,-17,-11,-2,6,0,1652970167.3387537
-4,2,-6,-5,12,4,-1,-2,1652970167.3387537
-10,-9,2,9,-7,-10,-5,5,1652970167.3387537
12,7,-2,7,1,-5,18,-4,1652970167.3387537
-3,-2,-1,3,0,-5,2,3,1652970167.3387537
-1,-1,2,-8,-2,-5,6,-7,1652970167.3689327
18,13,2,6,1,4,-3,-11,1652970167.3689327
-20,-12,3,-2,-3,-1,-19,11,1652970167.3709292
6,-14,-4,0,-11,-3,47,13,1652970167.3709292
-21,6,1,0,-6,5,-4,-16,1652970167.3709292
40,7,-4,-10,-2,4,39,42,1652970167.3709292
-22,16,4,-4,-4,1,-30,-30,1652970167.3709292
14,1,-5,-2,8,3,-33,-11,1652970167.3709292
-24,-23,-5,-1,0,3,-2,-9,1652970167.383897
20,19,4,-3,-1,-3,-16,-4,1652970167.3965807
0,-3,4,-6,3,2,32,25,1652970167.4075308
-8,-2,3,17,4,-2,29,7,1652970167.4075308
-12,-27,-4,2,-1,-23,-10,-8,1652970167.4075308
5,11,-3,-6,3,-15,5,4,1652970167.4075308
2,-4,-9,-13,-2,-1,4,-1,1652970167.4075308
-4,5,-5,-12,2,4,-3,-3,1652970167.4075308
11,8,4,12,-3,2,-1,6,1652970167.42146
-7,-8,-1,0,0,15,3,-3,1652970167.4234548
3,-13,5,11,2,1,4,-1,1652970167.4364204
-5,9,-6,-12,4,3,-24,-7,1652970167.4364204
13,16,2,-1,7,13,7,-1,1652970167.4384496
-6,-8,1,6,-7,13,-5,-2,1652970167.4384496
-23,-27,-6,-8,-10,16,25,1,1652970167.4554029
-4,8,3,-2,-14,8,-4,-3,1652970167.4554029
40,15,-3,-4,-7,4,-7,6,1652970167.4653802
-19,-11,-6,-4,-3,3,12,4,1652970167.4653802
0,11,7,2,-9,-6,-9,-3,1652970167.4653802
16,-4,3,8,1,-10,-45,7,1652970167.4653802
-4,4,1,-9,-2,0,40,-12,1652970167.4803362
-1,-27,-6,-9,-4,5,-24,-14,1652970167.5191584
-6,-7,-4,3,2,4,2,-7,1652970167.5441391
-9,1,-6,7,7,0,-1,-3,1652970167.5441391
0,-3,-9,3,-2,6,-10,10,1652970167.5441391
-2,0,5,9,10,10,14,4,1652970167.5441391
2,10,21,8,2,-8,0,1,1652970167.5441391
4,11,16,23,5,1,-1,-1,1652970167.5441391
3,6,-9,-13,-8,13,0,5,1652970167.5441391
-11,-2,-2,-2,-8,8,6,-1,1652970167.5441391
6,0,-8,-6,5,13,-7,3,1652970167.5441391
-4,-13,-13,3,-7,5,4,-5,1652970167.5441391
-1,0,-15,-11,4,1,-4,-4,1652970167.554107
-3,4,25,18,-1,5,-2,3,1652970167.554107
8,-3,-6,-24,-7,8,1,1,1652970167.5690594
0,1,-2,-11,-15,-4,7,-5,1652970167.5690594
-2,2,1,2,18,5,-3,0,1652970167.5879529
-4,-3,-11,-3,-3,-24,-3,4,1652970167.5879529
2,-4,-4,2,5,-43,0,0,1652970167.5948856
-7,-7,1,5,-1,-35,3,-4,1652970167.5968802
3,5,-4,10,-5,-37,-10,-3,1652970167.5968802
3,1,2,-6,-1,-23,7,5,1652970167.5968802
9,5,-4,11,5,-5,2,0,1652970167.5968802
-7,-6,-5,-6,7,-4,1,-4,1652970167.5968802
-7,-7,0,-30,-28,-11,-4,2,1652970167.6221883
-1,0,-4,27,26,-1,2,-2,1652970167.6221883
-8,-4,-16,-18,-14,4,-2,-5,1652970167.6291533
2,2,-6,1,11,-9,-4,-3,1652970167.6291533
2,8,56,53,12,7,-2,0,1652970167.6291533
-2,-4,-15,-20,-20,-6,2,2,1652970167.6291533
4,0,3,14,14,10,-2,5,1652970167.6301186
1,-3,-13,-27,7,14,3,0,1652970167.6301186
-1,-2,-3,-2,-3,-10,0,-3,1652970167.6451108
-2,1,-1,-3,-11,-4,-1,-1,1652970167.6451108
-1,-1,0,-1,-3,1,0,-2,1652970167.6451108
-1,1,2,-6,-8,11,3,-3,1652970167.6451108
2,4,-8,-7,-2,3,0,0,1652970167.6610544
3,-2,-5,5,4,2,2,0,1652970167.6610544
-1,-4,-7,-7,-1,-6,1,2,1652970167.6690462
-2,6,5,13,0,2,0,-1,1652970167.673047
-1,-4,-5,-9,-3,2,-3,-1,1652970167.6800175
3,-1,19,-2,-2,1,0,-1,1652970167.6800175
-6,-3,-4,-7,1,9,-2,-2,1652970167.6889613
0,3,7,-13,-3,-1,-2,0,1652970167.6889613
-2,-3,-7,17,3,8,0,2,1652970167.7129312
-2,-3,-10,-4,-6,-5,-5,-3,1652970167.7129312
-3,1,0,6,-26,-9,-3,-1,1652970167.7129312
0,3,1,4,23,15,-3,-1,1652970167.7129312
-2,0,-1,-6,9,4,1,-1,1652970167.7268927
-3,-1,4,10,-4,2,0,-1,1652970167.7268927
2,-2,-3,-14,-13,-2,0,-2,1652970167.7408543
0,-1,-2,3,0,-2,-2,1,1652970167.7408543
0,-2,1,-6,-12,-5,-2,-1,1652970167.7477815
-1,-3,-10,-22,7,1,-2,0,1652970167.7477815
1,1,11,32,7,5,3,-2,1652970167.7477815
0,-1,17,-21,-6,-5,1,0,1652970167.7477815
-2,-1,-4,5,2,-5,-1,-1,1652970167.770755
-1,-2,-2,15,-5,2,-1,1,1652970167.770755
-1,-1,-9,-2,9,4,0,-3,1652970167.770755
-1,-2,-7,-29,-16,-1,0,2,1652970167.770755
1,4,-8,16,16,1,-1,0,1652970167.7896702
1,0,0,-13,-14,3,1,2,1652970167.7896702
2,0,14,1,18,4,2,1,1652970167.7976809
-3,-6,2,12,-25,-7,-1,-3,1652970167.7976809
-2,-3,-1,-19,18,-3,0,-2,1652970167.8116114
-6,-6,-4,22,5,-9,-6,-5,1652970167.813637
-1,-3,-3,50,1,7,0,2,1652970167.813637
-2,-4,-9,-55,-10,-4,-2,-2,1652970167.813637
3,-2,-1,-9,-17,8,-2,2,1652970167.8375733
2,0,5,14,-13,7,1,-3,1652970167.8415318
-2,1,-2,-24,20,-3,-6,-2,1652970167.8415318
3,5,-1,31,-17,-5,0,3,1652970167.8415318
-2,-2,-7,-8,-14,-2,-3,0,1652970167.8495104
-1,4,1,6,14,-5,1,0,1652970167.8495104
1,3,9,17,3,-1,1,0,1652970167.855493
-2,1,9,-1,6,4,4,-1,1652970167.8575222
-1,-4,-7,-25,15,1,-3,-1,1652970167.8734796
-4,-16,-46,-12,-40,7,-1,-3,1652970167.9111779
0,5,41,5,17,-4,2,3,1652970167.9111779
5,3,17,88,50,6,3,3,1652970167.9111779
-3,-1,-6,-33,-31,-6,-5,0,1652970167.941099
0,7,18,-26,34,-1,2,1,1652970167.941099
-3,-7,-24,61,-58,-3,-5,-2,1652970167.941099
-9,-12,-24,-76,-9,-8,-6,-8,1652970167.941099
-1,3,3,41,24,3,4,-2,1652970167.941099
2,4,0,-38,5,-9,-1,2,1652970167.941099
-2,-3,-4,12,19,15,1,2,1652970167.941099
4,1,2,-29,-49,-1,3,19,1652970167.9420466
-4,-2,5,41,-96,-20,-7,-37,1652970167.981192
0,1,2,6,58,8,-1,12,1652970167.981192
0,-5,-16,-109,-2,-6,1,5,1652970167.981192
-8,-9,-23,52,-7,2,-1,-3,1652970167.981192
6,6,22,22,82,16,9,12,1652970167.9931655
-2,3,12,98,1,17,-6,-16,1652970167.9931655
5,2,-10,-62,-44,39,7,14,1652970167.9931655
4,4,5,31,-57,-42,1,2,1652970167.9931655
1,5,12,3,75,-40,8,9,1652970167.9931655
-7,-8,7,-5,4,-89,-23,-17,1652970167.9931655
-7,-4,-17,-24,-30,-43,-6,-13,1652970167.9931655
8,-1,-10,-106,33,-18,-6,-10,1652970167.9931655
1,6,10,28,-10,-48,-21,14,1652970167.9931655
4,1,17,115,-7,-17,36,29,1652970167.9931655
-2,0,-16,-120,31,15,3,5,1652970167.9931655
-3,-4,5,124,-49,-47,-1,-23,1652970167.9931655
8,0,-12,-31,53,-15,8,12,1652970168.0161026
-1,-5,-21,-52,-14,20,-13,-7,1652970168.0161026
-8,-4,29,127,53,-57,-7,-2,1652970168.0161026
-4,0,-10,42,75,34,5,-9,1652970168.0161026
0,-3,13,10,-16,41,3,17,1652970168.0390208
2,-10,-2,-75,-51,55,0,-5,1652970168.041018
0,5,-18,-27,-34,21,1,1,1652970168.041018
0,8,24,-9,113,85,-6,1,1652970168.041018
-10,-1,-17,-79,-17,72,-3,-12,1652970168.0489974
1,7,-5,-10,-48,59,6,12,1652970168.0489974
0,1,38,58,85,61,21,-14,1652970168.0489974
2,-2,-25,-71,-92,-50,-42,4,1652970168.0489974
1,-3,-28,20,71,98,31,5,1652970168.070937
1,-4,6,44,-29,-53,-11,-2,1652970168.070937
-4,-11,-39,-45,-92,27,5,-6,1652970168.070937
-4,9,43,106,-4,-65,-20,-7,1652970168.070937
1,2,33,18,55,-33,-13,-6,1652970168.0968692
1,4,-17,-69,-12,42,17,3,1652970168.0968692
-4,-9,2,46,-10,-58,-12,-5,1652970168.0968692
-6,-14,-31,41,51,89,16,3,1652970168.0968692
-2,-5,-30,0,-14,7,2,-6,1652970168.1128247
2,8,16,-57,-52,-49,-9,-2,1652970168.1128247
5,10,14,4,-26,22,3,9,1652970168.1128247
0,-2,-27,-25,-27,25,12,2,1652970168.1128247
-3,-10,-42,-18,29,-106,-10,-9,1652970168.1337726
-5,7,79,98,98,17,-3,-11,1652970168.1337726
1,-8,-13,-86,-32,-3,-12,13,1652970168.1337726
2,6,7,-32,-33,-61,4,9,1652970168.1337726
-5,-5,-17,-69,-30,34,2,-14,1652970168.1557095
-11,-17,-37,-37,33,-4,-9,-10,1652970168.1557095
-12,-6,38,127,-47,-119,-25,-22,1652970168.1557095
0,-3,-1,-48,4,46,24,17,1652970168.1557095
11,11,1,-22,13,-28,-5,13,1652970168.1706705
-3,-4,-19,5,-55,-85,-10,-9,1652970168.1706705
9,9,8,-23,44,113,37,8,1652970168.1706705
-4,-5,14,41,-29,-71,-37,-13,1652970168.1706705
-2,4,29,27,37,97,19,-2,1652970168.1966093
9,4,-18,-49,3,-24,5,9,1652970168.1966093
-15,-17,-27,59,106,26,-30,-20,1652970168.1966093
-9,-11,-51,9,-88,-5,4,-9,1652970168.1966093
12,16,27,-3,-70,-5,29,9,1652970168.2135549
-11,-12,1,59,96,-50,-5,3,1652970168.2135549
-1,-5,-42,-76,-25,46,-4,-5,1652970168.2135549
10,15,24,-19,127,61,20,5,1652970168.2135549
-14,-18,36,28,-34,25,-26,-15,1652970168.2364757
9,18,34,43,89,104,8,10,1652970168.2364757
3,-5,-55,-115,-79,-68,4,6,1652970168.243442
-16,-14,43,122,66,1,-26,-25,1652970168.2474306
4,-1,-26,-55,-39,11,14,24,1652970168.2574394
-4,6,22,49,-36,64,6,-84,1652970168.2574394
-4,-2,0,8,-3,-52,-17,54,1652970168.2574394
-1,-14,-57,-25,40,10,0,22,1652970168.2821772
0,8,19,127,-18,-37,-12,-1,1652970168.2931566
4,8,12,-67,-9,-55,18,20,1652970168.2931566
0,10,35,112,12,34,-3,-35,1652970168.2931566
-1,-9,-49,-128,89,89,21,-2,1652970168.2931566
-13,-18,-22,0,-85,-41,-38,-12,1652970168.2931566
1,0,-9,-10,-68,-81,-15,4,1652970168.2931566
9,9,3,-122,18,3,23,6,1652970168.2931566
1,8,31,-15,-41,-112,-11,8,1652970168.2931566
5,2,1,-54,-44,50,9,-5,1652970168.3110957
-5,-9,-29,-23,46,-34,-6,8,1652970168.3110957
-5,0,36,127,-15,-15,0,-6,1652970168.3110957
8,-6,-49,-65,-124,1,-7,-2,1652970168.3110957
-12,-6,26,111,99,-4,-5,-18,1652970168.3851638
-6,-5,-6,62,-128,3,-17,-3,1652970168.3851638
13,12,-4,-67,25,-21,9,16,1652970168.3851638
8,15,26,125,96,88,24,9,1652970168.3851638
-3,-9,-15,-31,-128,-75,-26,3,1652970168.3851638
-6,-12,-52,-80,120,66,-3,3,1652970168.3851638
0,7,29,-23,74,61,-6,-16,1652970168.3851638
22,29,42,-35,13,78,40,19,1652970168.3851638
-24,-34,-30,-25,-21,-81,-49,-40,1652970168.3851638
-4,2,0,-55,-98,23,-10,25,1652970168.3851638
2,-20,-90,-109,58,16,12,22,1652970168.3851638
-12,0,84,109,45,23,17,-5,1652970168.3851638
5,7,-3,10,17,4,21,13,1652970168.438137
13,11,-14,18,74,23,14,2,1652970168.438137
-18,-12,60,127,32,-49,-33,-33,1652970168.438137
7,8,-26,-62,-128,-47,0,13,1652970168.438137
-3,-14,-82,-68,127,72,11,-9,1652970168.4709685
3,26,127,127,-110,-66,-15,-3,1652970168.4709685
8,2,-40,-82,-100,-32,24,11,1652970168.4709685
4,0,-4,-94,78,117,17,-1,1652970168.4709685
0,5,-1,75,-110,-128,-26,-9,1652970168.4709685
-10,-19,-44,-128,-44,22,1,-4,1652970168.4709685
5,-4,-67,-51,53,38,25,23,1652970168.4709685
-19,-9,56,25,25,-88,-46,-33,1652970168.4709685
13,13,4,-29,-77,-71,2,22,1652970168.4709685
-2,-17,-67,-50,-17,52,13,13,1652970168.4709685
-7,7,69,127,-42,53,-4,-38,1652970168.4709685
-1,-5,-29,-57,-40,-116,-18,-11,1652970168.4709685
5,4,-10,-38,127,127,31,8,1652970168.4859643
-15,-22,-34,65,-54,-95,0,-1,1652970168.486922
-10,0,17,24,-99,-27,-23,-2,1652970168.486922
14,6,-24,-25,24,-19,14,27,1652970168.486922
-2,4,14,-28,-69,55,20,-4,1652970168.5049114
4,0,52,36,9,-73,-4,-4,1652970168.5049114
5,3,2,35,48,99,12,-2,1652970168.5049114
0,8,27,127,79,-20,-2,-8,1652970168.5049114
0,-4,10,-119,-44,15,-10,-2,1652970168.5178385
2,-10,-22,-34,13,92,17,2,1652970168.5178385
-3,1,19,39,-112,-128,-28,-6,1652970168.5178385
-9,-17,-64,-44,8,43,10,-3,1652970168.5178385
3,9,40,-31,-22,-85,-7,6,1652970168.538784
11,17,13,98,78,39,8,11,1652970168.538784
4,-5,-47,-128,-26,-49,2,4,1652970168.538784
-11,-3,40,61,-75,-3,-14,-16,1652970168.538784
12,20,25,122,67,71,16,16,1652970168.5557704
-11,-17,-32,-55,30,12,-16,-12,1652970168.5557704
-4,-4,-14,26,19,-16,-2,-2,1652970168.5557704
0,-7,-27,-103,-53,90,9,-11,1652970168.5557704
-1,-2,-3,9,-29,-90,-16,-3,1652970168.5797057
3,-1,-18,-34,-17,15,22,10,1652970168.5797057
0,9,36,40,54,29,3,5,1652970168.5797057
2,-1,-8,20,7,66,11,12,1652970168.5797057
-9,-2,27,107,-68,-58,-21,-17,1652970168.5916414
13,10,-6,-80,-67,19,9,11,1652970168.5916414
-3,-7,-33,-8,48,-8,-8,-6,1652970168.6016462
0,1,1,-28,-10,-55,-11,-2,1652970168.6016462
1,5,29,80,127,98,20,7,1652970168.6186008
-11,-9,8,58,82,-36,-14,-17,1652970168.6186008
4,7,36,85,-50,-65,-1,1,1652970168.6186008
-7,-10,-55,-82,30,-61,-15,-10,1652970168.6186008
-7,-4,8,32,-2,-4,3,3,1652970168.638524
1,4,-13,26,100,92,11,2,1652970168.638524
1,5,35,92,27,-39,-14,-3,1652970168.6465266
7,8,11,53,-40,-38,0,10,1652970168.6465266
1,-1,-21,-48,-42,-39,-2,-1,1652970168.6465266
-6,-1,15,1,44,7,-3,-9,1652970168.6465266
8,5,-17,-71,-1,51,19,2,1652970168.6555018
0,-1,-12,71,-1,-47,-16,-6,1652970168.6555018
-5,-14,-10,0,-47,-10,1,5,1652970168.6714272
7,11,16,13,26,-6,7,8,1652970168.6714272
-10,-14,-23,-18,26,26,-6,-6,1652970168.6714272
-8,-10,-22,-43,-56,-20,-18,-9,1652970168.6714272
1,6,20,41,70,20,7,-4,1652970168.6993535
0,4,19,3,-128,-50,-15,-3,1652970168.6993535
-4,-7,-12,-32,91,47,8,-1,1652970168.6993535
-2,-2,17,41,-42,-46,-4,-2,1652970168.6993535
0,0,-21,-84,-42,18,3,0,1652970168.707366
0,1,11,13,19,-28,-6,-3,1652970168.707366
0,2,6,-5,-33,-61,-3,-3,1652970168.7153435
-1,0,1,28,17,17,6,4,1652970168.7153435
1,0,-11,-15,-26,-27,-3,1,1652970168.734262
-3,-3,-1,29,2,-12,-4,-5,1652970168.734262
1,-1,7,10,-58,40,4,1,1652970168.742271
0,8,27,34,-56,5,-2,1,1652970168.742271
-2,-5,-18,-6,-71,-18,-2,-1,1652970168.7582288
-3,-3,-10,-35,-58,27,4,-2,1652970168.7582288
3,4,7,-5,13,10,0,4,1652970168.7582288
0,-1,-13,-2,-38,-25,3,3,1652970168.7582288
-8,-2,-2,-33,105,25,-3,-3,1652970168.774187
8,-1,-3,-2,-53,-20,-6,-5,1652970168.774187
-3,-1,-15,-16,-67,-6,-2,-2,1652970168.7821674
1,-1,5,3,18,-39,-4,7,1652970168.7821674
0,-5,-2,25,28,51,8,1,1652970168.794146
-44,-26,-5,-3,96,4,-3,-22,1652970168.794146
4,-20,-3,-37,25,-5,-1,5,1652970168.7990854
31,39,10,6,61,33,11,4,1652970168.7990854
12,17,5,7,0,21,-4,6,1652970168.8250482
43,0,-2,1,17,-2,-11,-2,1652970168.8250482
-45,-3,4,13,3,10,-17,-15,1652970168.8250482
-19,-21,2,-16,8,1,16,34,1652970168.8250482
-8,-12,-9,-13,5,-37,-2,-9,1652970168.833993
22,30,0,2,23,-10,-11,-11,1652970168.833993
3,-11,-2,-6,46,-16,19,-38,1652970168.8450046
2,-2,3,-28,67,5,5,45,1652970168.8450046
-1,-2,7,62,-22,7,21,8,1652970168.8549366
-13,-14,-6,-35,-31,-22,-6,5,1652970168.8549366
8,10,9,50,-2,2,-13,-1,1652970168.8549366
-17,-14,-11,-46,-23,35,-9,-31,1652970168.8549366
-1,-12,-6,3,-13,-8,-8,-6,1652970168.8759155
4,14,-8,-58,-6,-3,3,9,1652970168.8759155
2,6,-1,-9,2,0,-1,-8,1652970168.8779097
-5,-18,5,24,-6,-8,-4,-16,1652970168.8779097
28,34,-3,-27,-5,-34,-4,3,1652970168.8938656
-6,-42,1,21,-2,-6,11,-4,1652970168.8938656
-21,44,-5,-10,-2,-8,-6,8,1652970168.8998501
42,-7,2,14,8,4,-25,0,1652970168.8998501
-1,8,2,-15,-6,-8,13,-7,1652970168.9137797
-3,4,2,15,4,5,3,17,1652970168.9137797
15,-18,2,-3,1,3,-4,18,1652970168.9227886
-7,20,3,6,-2,-4,1,-32,1652970168.9725525
-14,-5,-2,-16,-1,-5,-4,-1,1652970168.9825213
-5,-9,-2,13,7,-13,25,2,1652970168.9825213
-1,-2,5,-4,13,-12,-10,6,1652970168.9825213
-16,-2,-8,-6,-11,0,-6,-4,1652970168.9825213
6,-9,-11,6,-10,-14,-4,-2,1652970168.9825213
-20,2,4,7,1,-8,-5,-2,1652970168.9825213
9,-6,2,-9,2,-5,4,8,1652970168.9825213
-3,1,-4,6,-6,-12,2,-4,1652970168.9825213
-13,-5,-4,3,-1,-6,-6,12,1652970168.9825213
8,10,-7,-1,-8,-4,-17,-15,1652970168.9825213
-3,8,8,13,-11,-1,0,2,1652970168.9825213
17,-39,4,1,-14,-5,2,-5,1652970168.9825213
-7,29,1,-15,-21,-6,-2,-2,1652970169.014276
22,2,-1,8,-8,6,3,-6,1652970169.014276
26,26,-3,-11,-17,-8,-39,-42,1652970169.014276
3,5,1,-1,-5,5,44,89,1652970169.014276
-12,-18,-1,-7,-3,8,-14,-7,1652970169.0472364
22,13,7,8,-1,2,37,12,1652970169.0472364
-36,-24,-11,-4,-4,2,-17,-19,1652970169.0472364
-15,-7,-4,-1,-1,3,13,-13,1652970169.0472364
-3,-17,-3,1,2,-7,-9,-3,1652970169.0472364
-3,9,-1,1,-5,-13,-2,0,1652970169.0472364
1,-22,-1,-5,-3,-5,9,3,1652970169.0472364
-16,-11,3,4,-2,-6,-19,-20,1652970169.0472364
20,38,6,-5,-7,-10,6,9,1652970169.0741677
-23,-10,-2,0,-4,6,-15,-14,1652970169.0741677
15,0,-6,-15,-2,5,20,21,1652970169.0741677
-7,-4,2,5,1,0,-12,-11,1652970169.0741677
-23,-8,-8,-22,-4,7,2,-9,1652970169.0921535
25,5,7,22,3,-1,-14,20,1652970169.0921535
5,5,-5,-6,-11,5,5,-7,1652970169.0921535
17,-3,-3,-7,0,11,-3,-12,1652970169.0921535
16,24,6,6,-2,7,-8,-3,1652970169.1121101
-37,-14,-3,-3,-4,12,-7,-7,1652970169.1121101
-5,-8,-1,3,-2,11,33,32,1652970169.1121101
4,39,6,-3,2,10,0,-17,1652970169.1121101
-5,-21,-3,1,8,-9,-4,-7,1652970169.122069
6,-1,-5,-10,5,3,-25,-6,1652970169.122069
0,3,-8,-15,5,6,4,7,1652970169.122069
-11,-4,8,25,6,-16,-9,-13,1652970169.122069
0,-19,-5,0,0,1,-8,-17,1652970169.139023
-20,1,1,10,2,-8,-19,8,1652970169.139023
24,5,0,-2,0,-4,-16,5,1652970169.139023
-27,-10,-6,-17,-11,-6,10,3,1652970169.139023
-2,-25,-6,-12,1,11,33,15,1652970169.154985
21,51,10,21,-1,-5,-34,-14,1652970169.154985
-8,-19,1,5,-2,-5,-11,-4,1652970169.1659548
11,12,0,-8,3,12,-14,0,1652970169.1659548
-11,-16,3,3,5,6,-1,-11,1652970169.1749644
-6,-17,-9,-22,-3,14,8,2,1652970169.1749644
2,4,4,13,-7,-8,-1,9,1652970169.1749644
-9,-5,-7,5,-2,0,-5,-15,1652970169.1749644
8,10,-22,-24,-2,4,-1,5,1652970169.196907
-3,-7,-5,0,3,12,12,5,1652970169.196907
3,12,22,11,2,14,6,-2,1652970169.196907
-4,-11,1,-8,3,8,8,-2,1652970169.196907
-4,-1,11,19,4,-15,-8,-2,1652970169.2178593
8,1,-1,-4,3,3,12,8,1652970169.2178593
-8,-9,-12,-9,-2,3,8,-5,1652970169.224832
-2,-21,-3,-6,-7,-6,-12,-11,1652970169.224832
-10,0,-5,-6,-11,-12,-11,3,1652970169.2338119
-4,9,1,3,-5,-13,10,-2,1652970169.2338119
1,0,-4,-3,-5,-5,2,-5,1652970169.2387931
18,15,0,3,1,-5,10,29,1652970169.2417853
-1,-16,-5,-1,0,-3,-6,-16,1652970169.256747
-11,-17,1,-1,1,3,6,-3,1652970169.256747
-2,-2,-1,3,3,3,-18,-35,1652970169.256747
0,8,-4,-5,1,20,17,39,1652970169.256747
8,4,5,5,2,13,4,13,1652970169.275703
-3,-2,0,-3,2,17,6,3,1652970169.275703
0,0,3,4,1,9,-5,-5,1652970169.2846851
-3,3,-5,-2,-2,1,-10,-22,1652970169.2846851
2,4,0,-3,2,12,4,7,1652970169.292649
-6,-12,-1,-12,-3,1,-2,-5,1652970169.292649
-7,-1,-5,-3,0,-25,-9,0,1652970169.2996
3,6,1,-1,3,-49,4,-6,1652970169.2996
0,5,-3,-4,2,-54,-5,-3,1652970169.3185802
0,-3,-1,10,1,-51,2,0,1652970169.3185802
1,-4,-2,-1,-2,-40,5,14,1652970169.3185802
-9,2,1,-2,-3,-31,16,-5,1652970169.3185802
11,-2,-2,-6,-8,-24,-11,7,1652970169.3385277
-16,-6,-1,-2,-5,-29,-16,-24,1652970169.3385277
1,2,1,4,2,-16,8,12,1652970169.3385277
2,7,0,4,3,-3,-10,-8,1652970169.3385277
0,-1,-1,3,9,3,8,0,1652970169.3545358
5,0,-2,1,-2,-9,3,0,1652970169.3545358
-2,-1,-3,-3,-1,-4,0,12,1652970169.3545358
-2,-6,-1,1,0,4,-7,-10,1652970169.3545358
-3,-1,6,3,-2,10,1,0,1652970169.3774736
-1,0,-2,-7,-3,22,-1,4,1652970169.3774736
-1,-1,-2,-3,-4,13,4,-7,1652970169.3774736
-1,1,2,5,-7,15,-4,-3,1652970169.3774736
-4,-1,2,-1,3,20,-2,2,1652970169.3964267
1,3,3,2,-4,-12,3,3,1652970169.3964267
3,2,-1,3,-2,-14,4,3,1652970169.4034038
0,-2,-3,0,-2,-17,-5,-1,1652970169.4034038
-1,-4,-3,-4,-8,-19,-6,-2,1652970169.413366
2,-2,0,-1,5,-7,16,1,1652970169.413366
-1,0,1,1,3,-32,3,1,1652970169.4203608
-1,1,1,-3,0,-32,-5,-2,1652970169.422354
-4,-1,-2,5,-3,-36,-2,-5,1652970169.442304
3,0,-5,-5,0,-6,-3,4,1652970169.442304
-1,-3,-2,-3,-2,18,1,2,1652970169.442304
-3,-3,-3,-2,-1,9,-8,-6,1652970169.442304
0,1,1,-3,0,11,2,-2,1652970169.4502828
-3,1,-3,-9,-2,13,-1,2,1652970169.4502828
-1,1,2,3,-1,22,1,-3,1652970169.4588325
-3,-3,2,7,7,13,-2,-3,1652970169.4588325
0,-6,-8,-4,-10,8,1,-3,1652970169.4757884
0,-2,-6,-34,-9,11,-5,0,1652970169.4757884
0,-2,-4,3,12,26,4,0,1652970169.4757884
-2,-1,-1,15,-1,33,-2,-2,1652970169.4757884
0,2,1,44,26,50,2,2,1652970169.4957325
3,7,7,-18,-7,23,-1,0,1652970169.4957325
0,3,0,-19,-3,11,-2,-1,1652970169.5047114
-3,-1,5,-20,-38,5,-1,0,1652970169.5047114
-3,-5,-11,-10,-9,11,-1,-2,1652970169.5126905
0,-5,-10,10,0,21,-3,-1,1652970169.5126905
6,4,-1,9,18,57,6,3,1652970169.5216312
0,-1,-2,13,-5,34,-9,-5,1652970169.5216312
-1,0,11,-14,2,44,-1,-2,1652970169.5385861
-1,-5,-6,35,-2,26,2,0,1652970169.5385861
-1,-2,-7,-41,-16,-6,-1,1,1652970169.5385861
-4,-1,16,32,16,27,0,-3,1652970169.5385861
1,6,16,25,-4,10,3,0,1652970169.560562
-1,-4,-9,-50,-20,-6,1,0,1652970169.560562
-4,-7,-18,-8,21,-3,-1,-2,1652970169.560562
1,-3,-20,-68,-4,-24,-3,1,1652970169.560562
0,6,4,78,20,-19,0,1,1652970169.5745268
-2,4,5,3,4,-2,0,-1,1652970169.5745268
-4,-4,-8,-65,-26,-22,-5,-2,1652970169.585493
-1,2,12,-55,-10,-22,1,-2,1652970169.585493
-6,-9,-7,46,35,-14,-5,-5,1652970169.5934722
-3,-3,-1,-9,2,3,2,-1,1652970169.5934722
0,2,11,56,28,-1,0,0,1652970169.6054528
-1,-4,-8,1,-8,-18,2,-1,1652970169.6054528
2,0,-19,-99,-51,-4,0,-2,1652970169.6223943
0,-3,2,24,13,-10,-1,-1,1652970169.6223943
-3,1,12,4,-12,-6,-9,-4,1652970169.6223943
1,0,-1,23,27,-17,-3,-2,1652970169.6223943
5,6,2,-62,-53,-27,6,7,1652970169.6303725
1,-1,11,97,65,72,2,1,1652970169.6303725
-2,-3,-17,-77,-28,-15,-1,-2,1652970169.6383512
-7,-3,-5,10,38,24,1,-5,1652970169.6383512
-6,-4,-4,-10,-25,-40,5,-8,1652970169.6593053
4,-2,8,69,-53,-35,-26,3,1652970169.6593053
6,8,24,15,47,-12,12,9,1652970169.6593053
1,-1,-3,60,-42,40,3,7,1652970169.6593053
-6,-1,-20,-85,-37,40,-3,-14,1652970169.6931872
0,-3,-2,-19,77,21,15,1,1652970169.6931872
-3,-5,-5,93,-49,37,1,-4,1652970169.700153
-1,2,30,39,56,-46,-3,2,1652970169.700153
2,3,6,-2,105,-19,5,2,1652970169.7031426
-7,-5,-2,12,-46,-37,-10,-12,1652970169.7031426
0,-10,-54,-122,-77,-9,11,16,1652970169.7031426
4,10,6,97,-80,-1,-5,0,1652970169.7031426
2,8,41,-17,21,-15,-8,8,1652970169.718105
-1,1,9,-58,-44,-70,-1,-2,1652970169.718105
2,1,-17,49,113,48,11,-1,1652970169.718105
3,11,31,-26,-65,34,0,0,1652970169.718105
-9,-14,-42,-52,2,12,-13,-6,1652970169.7941
-1,9,18,32,14,95,18,6,1652970169.7941
-10,-9,-8,-46,-25,-88,-35,-16,1652970169.7941
-5,-18,-73,-55,7,31,16,-1,1652970169.8020775
-3,-8,-36,30,58,-81,-21,-12,1652970169.8020775
12,24,74,71,26,-25,10,7,1652970169.8020775
8,11,18,-62,-103,-36,-2,6,1652970169.8020775
-7,-11,6,15,108,-17,-1,-8,1652970169.8020775
0,-6,7,18,-55,-27,2,4,1652970169.8020775
2,-4,-42,-85,1,60,19,5,1652970169.8020775
-6,-3,15,127,49,-76,-43,-16,1652970169.8020775
7,12,21,-22,-91,-56,4,7,1652970169.8020775
-2,-12,-54,-45,-53,26,2,-1,1652970169.808049
-5,-4,-29,-70,-75,-84,-15,-8,1652970169.8100476
2,15,96,114,49,110,11,1,1652970169.8100476
-1,-6,-52,-40,39,72,-12,0,1652970169.8100476
7,18,76,127,111,125,26,9,1652970169.8100476
-1,-5,-27,-6,-24,65,-3,2,1652970169.8100476
0,-4,-40,-14,42,-28,10,-1,1652970169.873133
5,4,-12,13,-66,-84,2,5,1652970169.873133
-6,-4,43,52,48,-82,-7,-7,1652970169.873133
1,-4,-25,-93,-18,-121,-8,-1,1652970169.873133
2,-7,-12,-8,118,21,21,8,1652970169.873133
-9,-8,-3,45,45,-3,-4,-9,1652970169.873133
7,7,1,-64,-71,-5,3,6,1652970169.873133
-1,-7,-32,-24,-62,-34,-4,-1,1652970169.873133
7,15,27,-9,-19,-73,4,6,1652970169.92318
-6,-5,8,34,67,-123,-26,-11,1652970169.92318
3,7,24,49,-100,-108,-5,0,1652970169.9401755
-6,-4,9,34,59,-17,7,-1,1652970169.9401755
-7,-16,-57,-86,-121,-29,-2,-6,1652970169.9401755
0,-4,-21,-87,45,61,5,2,1652970169.9411688
6,13,20,82,-35,-25,-5,6,1652970169.9411688
-9,-13,-13,-13,21,8,-16,-6,1652970169.9411688
-1,4,23,-3,-44,65,5,-5,1652970169.9411688
-7,-14,-24,-31,53,68,5,-2,1652970169.9411688
3,4,-1,-16,69,127,11,3,1652970169.9411688
7,19,86,126,6,63,8,5,1652970169.9411688
8,3,-11,-64,-45,-45,0,7,1652970169.9411688
-22,-21,-23,-29,-25,-103,-20,-23,1652970169.9411688
-4,-3,12,79,32,14,-6,2,1652970169.9627938
-3,-11,-43,0,89,75,12,0,1652970169.9657905
-1,-15,-88,-42,87,94,11,0,1652970169.9657905
9,18,95,-75,17,22,3,6,1652970169.9657905
-7,-8,9,9,-47,-53,-11,-9,1652970169.9657905
13,36,102,107,-30,-57,-3,8,1652970169.9657905
-6,-9,-24,-51,-71,-10,-7,-17,1652970169.989055
-5,-13,-10,113,37,-1,-11,2,1652970169.989055
-10,-19,-48,-128,-109,110,24,6,1652970170.0060554
8,10,13,-77,11,46,-5,6,1652970170.0060554
4,16,67,52,-8,13,-8,0,1652970170.0060554
15,19,-42,-86,-127,-102,-9,-24,1652970170.0060554
-10,-11,-7,61,-24,-71,-25,35,1652970170.02219
-10,-6,25,107,23,10,18,-10,1652970170.02219
-12,-21,-90,-72,79,45,3,8,1652970170.02219
15,20,39,-86,-120,59,-17,-2,1652970170.02219
-4,-18,-98,-15,1,-12,-7,-20,1652970170.030207
7,15,24,21,7,-73,-3,4,1652970170.030207
5,28,127,46,39,22,-2,-1,1652970170.030207
-13,-28,-72,17,41,50,-1,-2,1652970170.030207
14,48,91,14,-38,-7,14,0,1652970170.063938
4,-2,-56,47,34,12,-22,6,1652970170.063938
-2,1,0,-8,-60,-31,-4,-12,1652970170.063938
-4,-8,-34,-25,-56,-83,-14,10,1652970170.063938
-9,-28,-110,-62,114,30,-13,-24,1652970170.063938
-10,-20,-52,-34,-76,74,7,-10,1652970170.063938
6,-5,11,15,53,31,16,39,1652970170.08952
0,6,-56,13,-64,47,9,-19,1652970170.08952
14,12,2,-63,-49,-34,9,30,1652970170.0975003
-8,-6,26,25,-68,-102,-18,-23,1652970170.0975003
-21,-42,-80,-75,-60,-85,-21,-13,1652970170.0975003
9,19,62,97,41,95,33,15,1652970170.0975003
0,17,30,-4,-15,-8,-20,-20,1652970170.0984983
12,17,-11,-58,-29,40,14,14,1652970170.0984983
-2,8,9,53,-69,-103,-37,-15,1652970170.0984983
-9,-21,-18,68,117,99,20,7,1652970170.0984983
-8,-32,-70,-91,-128,-128,-26,-8,1652970170.1322196
-6,1,0,-7,-45,-28,-13,-11,1652970170.1322196
1,5,34,31,83,43,10,-12,1652970170.1322196
-2,-6,-3,71,-24,-22,-8,6,1652970170.1322196
-2,-20,-65,-32,28,-12,0,6,1652970170.1561956
-4,-17,-67,-72,-82,-4,22,7,1652970170.1561956
-6,1,8,69,42,-39,-13,-10,1652970170.1631792
6,8,-28,2,-65,32,5,-6,1652970170.1631792
7,17,30,44,67,92,23,7,1652970170.1631792
-15,-19,-15,-9,127,-61,-21,-5,1652970170.1631792
5,3,-59,-72,60,80,23,17,1652970170.1631792
1,10,41,53,50,20,2,8,1652970170.1631792
-13,-29,-70,-114,-48,39,-7,-21,1652970170.1972318
-6,-15,-79,-5,103,35,-10,-12,1652970170.1972318
-5,-6,-16,127,-117,-22,-3,-3,1652970170.1972318
4,1,3,-128,80,33,7,5,1652970170.1972318
-2,10,27,20,-58,-54,-36,-11,1652970170.1972318
-10,-6,57,26,70,-3,-22,-5,1652970170.1972318
10,16,31,-75,-103,24,8,8,1652970170.2292235
6,0,-35,7,-94,-71,5,20,1652970170.2292235
-5,-2,59,-30,41,43,13,-14,1652970170.2292235
6,17,63,33,31,3,6,-7,1652970170.2292235
5,3,10,31,-72,80,23,7,1652970170.2292235
1,12,79,89,-21,-7,12,4,1652970170.2292235
2,-1,-24,-68,-12,-40,-9,6,1652970170.2633116
3,-2,-72,-62,13,-17,-2,5,1652970170.2633116
5,9,26,10,68,33,14,18,1652970170.2633116
-4,-7,-5,-72,-115,-114,-15,-4,1652970170.2633116
-9,-12,-24,8,92,99,7,4,1652970170.2643125
1,7,23,34,-48,-36,-4,-10,1652970170.2643125
-1,-6,-56,-51,-42,-63,-12,-8,1652970170.3225832
-1,9,49,-4,-21,-24,-19,-1,1652970170.3225832
3,-4,-33,-13,-19,27,18,-3,1652970170.3435142
-4,-14,-39,-67,4,-15,-1,-4,1652970170.3435142
2,10,32,-23,84,62,8,1,1652970170.3435142
-4,-9,-67,-108,27,36,1,-4,1652970170.3435142
-3,2,51,127,9,45,13,-8,1652970170.3435142
11,0,-67,-66,-13,101,28,29,1652970170.3435142
-21,-20,16,52,-64,-122,-36,-22,1652970170.3435142
-8,-9,7,2,120,51,4,-7,1652970170.3435142
16,24,24,38,24,-8,8,6,1652970170.3435142
-7,-9,-7,24,19,53,6,7,1652970170.3435142
4,1,0,12,26,-14,8,3,1652970170.3435142
9,15,-3,10,-102,-5,-7,-3,1652970170.3435142
2,18,87,112,69,-58,-16,12,1652970170.3916492
-8,-21,-65,-94,-85,21,0,-19,1652970170.3916492
1,-1,13,81,-12,15,-2,-1,1652970170.3916492
-3,4,4,-45,-3,-47,5,5,1652970170.3916492
2,5,22,28,-2,-9,-4,-4,1652970170.4215744
1,1,8,-14,-38,-64,-13,4,1652970170.4215744
5,7,25,-28,-88,-8,1,2,1652970170.4215744
-7,-13,-56,63,101,32,-1,-7,1652970170.4215744
-4,-12,-21,-60,-21,-24,-3,2,1652970170.4215744
4,8,55,102,19,-14,3,3,1652970170.4215744
-4,-8,-56,-128,90,28,4,-4,1652970170.4215744
2,-3,15,41,20,-3,-4,1,1652970170.4215744
-5,-4,-42,23,7,22,5,-3,1652970170.4690332
3,10,55,4,-21,25,4,-2,1652970170.4690332
-2,-5,-25,52,-11,-4,2,8,1652970170.4690332
-3,-3,4,-68,-33,-41,-5,-2,1652970170.4690332
2,2,5,-21,-4,-10,5,4,1652970170.4810011
-4,-10,-55,-94,-32,-10,-3,-10,1652970170.4810011
4,5,19,73,-26,-13,-2,-2,1652970170.4810011
-4,-7,-7,-45,-13,24,-1,-4,1652970170.4860144
-2,3,32,101,-9,-63,-7,-3,1652970170.4860144
-1,-1,10,-10,21,35,4,1,1652970170.4860144
-5,-9,-34,-60,10,-61,-12,-8,1652970170.4860144
3,2,-20,24,-34,-24,-5,6,1652970170.4860144
-2,1,-13,-25,55,6,3,-5,1652970170.4860144
2,1,11,35,-18,-17,-5,2,1652970170.4860144
-2,-2,-10,-25,-10,10,-1,-4,1652970170.4860144
0,3,18,52,6,15,7,0,1652970170.4860144
-2,-5,-15,-54,-39,18,1,-2,1652970170.5165064
-1,3,15,29,-14,-83,-9,-1,1652970170.5165064
-2,-7,-19,-8,6,0,-6,-5,1652970170.5165064
-6,-4,3,10,-56,-3,0,-5,1652970170.5165064
3,2,-12,-37,42,37,10,4,1652970170.5205336
0,-3,-11,-7,-2,-14,-5,-1,1652970170.5205336
0,0,0,6,1,14,-4,-2,1652970170.5205336
0,2,20,24,1,-19,3,-1,1652970170.5205336
1,0,4,-57,-40,19,4,2,1652970170.5215285
-3,-4,-24,-11,-49,-1,-8,-2,1652970170.5215285
-3,-3,1,0,1,0,-2,-4,1652970170.5215285
-1,4,22,0,24,-3,-2,-4,1652970170.5215285
0,-6,-26,-55,-16,18,3,3,1652970170.5783777
-3,-3,0,47,-45,-17,-4,-4,1652970170.5783777
-3,4,24,60,75,67,6,-3,1652970170.5783777
5,0,-22,-66,7,22,-2,17,1652970170.5783777
-11,0,5,19,1,-13,0,-26,1652970170.5783777
-2,-5,4,-29,16,-10,-2,-4,1652970170.5783777
-22,-1,-9,1,2,-14,15,10,1652970170.5783777
9,-2,0,14,18,-6,-1,-2,1652970170.5783777
18,11,8,25,25,1,-25,-40,1652970170.6031218
-15,-26,2,-11,-8,6,-1,35,1652970170.6031218
-3,-5,-8,8,15,21,24,43,1652970170.6031218
25,29,-2,-2,64,-5,31,-8,1652970170.6031218
7,11,-3,6,-9,-36,-27,0,1652970170.6370776
7,9,-5,8,48,9,-5,-27,1652970170.6370776
-4,-11,-1,-28,-5,-4,-22,-17,1652970170.6370776
-19,-14,17,71,-20,2,2,18,1652970170.6370776
1,-8,-24,-68,-47,-6,8,2,1652970170.6440492
-7,0,16,40,42,12,-8,-12,1652970170.6440492
-2,-3,-13,-34,1,-9,-3,0,1652970170.6440492
4,-4,4,-15,-27,5,-5,-11,1652970170.6440492
-21,-11,4,17,-21,7,6,7,1652970170.6510234
26,21,-4,-35,20,9,11,19,1652970170.6530156
1,-2,1,12,-42,-10,-12,-30,1652970170.6530156
-2,-17,-4,23,-7,-14,-13,-20,1652970170.6530156
-16,-7,0,21,22,21,6,58,1652970170.6786127
-3,21,-1,-15,-6,2,23,-43,1652970170.6786127
-36,-29,3,21,2,-3,8,-24,1652970170.6786127
49,13,-2,-17,-11,5,-48,-28,1652970170.6786127
3,27,5,12,5,0,35,57,1652970170.6905327
41,-5,-3,-6,2,7,36,54,1652970170.6905327
17,21,5,14,2,-12,-6,4,1652970170.6905327
-38,-42,-5,-18,32,-1,-1,-16,1652970170.6905327
-15,-2,-3,11,30,-17,-6,-18,1652970170.742053
-16,-9,-21,-4,6,-22,-23,-19,1652970170.742053
0,6,5,-4,-22,-12,-11,-16,1652970170.742053
-16,4,10,14,-7,-5,5,14,1652970170.742053
14,-5,5,9,-22,-7,-5,-16,1652970170.7520254
-9,2,10,33,-55,-8,2,-7,1652970170.7520254
10,-3,1,-50,-1,5,-2,15,1652970170.7520254
10,-2,-15,-12,8,12,-25,-29,1652970170.7520254
-16,-12,3,8,-10,11,48,69,1652970170.7520254
-13,-16,-7,0,-11,-4,-91,-73,1652970170.7520254
18,18,1,10,-18,1,-18,-36,1652970170.766248
-10,14,0,-1,3,1,-12,-29,1652970170.766248
21,-12,0,7,-27,4,15,55,1652970170.7682474
-17,7,8,-16,0,10,37,34,1652970170.7682474
26,8,3,17,4,-4,-35,5,1652970170.7682474
1,-3,-7,-17,2,4,1,-7,1652970170.7682474
-7,-11,-5,8,6,-1,-18,-40,1652970170.7942114
-6,1,4,-4,3,3,9,8,1652970170.7942114
2,3,1,8,3,1,11,17,1652970170.7942114
-3,0,0,19,-8,1,27,30,1652970170.7942114
-3,-7,-9,-34,7,-7,-15,-24,1652970170.8202014
8,8,3,3,-24,-6,4,7,1652970170.8202014
1,2,5,-7,22,16,9,-1,1652970170.8331435
-9,-5,-15,-19,1,15,6,22,1652970170.8331435
3,-1,-2,28,15,4,-4,-23,1652970170.8331435
-1,4,-3,-14,-4,-3,-10,-7,1652970170.8331435
-6,-4,2,13,4,7,7,9,1652970170.8331435
-5,7,1,-18,-12,0,9,16,1652970170.8331435
2,5,11,18,-7,2,-6,-22,1652970170.8441174
0,-8,-3,24,26,20,5,6,1652970170.8866448
-2,-6,-13,-65,-18,6,7,9,1652970170.8866448
-3,0,0,20,4,5,-4,4,1652970170.8866448
3,4,8,-4,0,4,1,-14,1652970170.8986177
2,-4,5,22,7,-5,4,20,1652970170.8986177
-5,1,4,5,-6,-12,17,-24,1652970170.8986177
-5,-1,-5,-15,-12,-25,-11,9,1652970170.8986177
2,-3,-2,-1,17,-5,-3,4,1652970170.8986177
-3,0,2,-3,2,-16,-10,-19,1652970170.8986177
-5,-3,-2,18,9,-1,7,9,1652970170.8986177
0,0,1,9,22,-11,5,1,1652970170.8986177
-4,0,-3,10,-37,-39,-6,-7,1652970170.9066281
3,-3,-7,-2,35,-8,6,10,1652970170.9066281
0,-1,-9,13,22,5,-6,-3,1652970170.9066281
0,-1,12,33,-32,11,9,-2,1652970170.9066281
1,8,11,6,9,-9,-11,-5,1652970170.9225852
-3,-5,-10,-52,12,21,-3,-7,1652970170.9225852
-2,-1,-8,12,-11,-7,-1,2,1652970170.9225852
2,1,-3,-21,25,5,5,14,1652970170.9225852
0,1,-2,7,-2,14,-2,-11,1652970170.9425414
-1,-4,6,2,-28,-6,1,1,1652970170.9425414
0,-2,7,14,5,-3,-2,8,1652970170.9487827
-2,-2,-1,-20,-11,0,2,2,1652970170.9487827
0,-1,-2,19,-11,-4,-4,-9,1652970170.9587934
-3,-3,-11,-42,-5,-4,1,1,1652970170.9587934
1,-3,-4,5,-5,-9,-1,6,1652970170.9587934
-4,-2,-1,11,0,-19,-1,-4,1652970170.9587934
-2,-5,-7,-20,4,-3,-3,-7,1652970170.9847329
1,0,2,48,-6,-5,1,7,1652970170.9847329
-1,-1,8,-21,-7,-15,0,-1,1652970170.9847329
-1,2,-2,-11,3,4,3,-1,1652970170.9847329
-2,-6,-10,-2,-5,-2,-3,-1,1652970171.002674
-4,4,13,-19,-18,5,1,0,1652970171.002674
-2,-5,-10,-16,14,10,0,-1,1652970171.012651
2,-1,4,18,7,14,3,0,1652970171.0136445
5,15,13,-11,4,28,2,2,1652970171.0226219
-1,-5,-10,-10,-30,-28,-4,-1,1652970171.0226219
-3,-5,-2,32,38,36,1,-1,1652970171.0226219
1,3,11,-16,-16,-6,-3,1,1652970171.0226219
-1,-3,0,-9,-2,18,-1,-3,1652970171.0455596
-2,-7,-16,-45,-20,4,-2,1,1652970171.0495613
0,2,3,9,-28,-12,-2,3,1652970171.0495613
-2,-4,-9,-5,19,1,-1,0,1652970171.0495613
-1,-3,1,22,4,-9,-4,-3,1652970171.0575285
1,0,4,18,4,-1,3,-2,1652970171.0575285
-2,-9,-22,-30,-22,-15,-1,-1,1652970171.116169
-3,5,5,10,-8,-5,-1,-3,1652970171.116169
2,8,16,28,5,-19,-1,-1,1652970171.1261811
2,3,-1,0,7,-7,0,1,1652970171.1261811
-1,0,-1,9,-1,-13,-4,1,1652970171.1261811
-5,-10,-14,-18,-12,-55,-1,-3,1652970171.1261811
-1,-1,-4,-9,-6,-23,-1,-2,1652970171.1261811
1,0,0,8,21,-2,1,0,1652970171.1261811
-3,-7,-16,10,-31,-11,-5,-5,1652970171.1261811
-4,-5,-7,8,-10,23,-3,-6,1652970171.1261811
4,13,21,-31,2,15,1,4,1652970171.1261811
3,2,2,14,12,26,-1,1,1652970171.1261811
1,2,5,-1,9,7,-1,0,1652970171.1510925
-1,1,8,0,16,14,1,1,1652970171.1510925
-2,-6,-3,23,2,13,-1,-4,1652970171.1590707
0,-1,10,29,-3,8,1,0,1652970171.1590707
-2,-4,-2,-37,-18,-3,-3,0,1652970171.1590707
-1,-4,-13,-52,7,4,0,-1,1652970171.1590707
-2,-3,-17,-13,2,7,0,-2,1652970171.1650555
-1,3,9,11,-1,-5,0,0,1652970171.1680465
0,2,5,27,3,-6,-1,0,1652970171.1831505
0,4,3,6,-9,-6,-2,1,1652970171.1831505
-3,-8,-16,-28,-17,-7,-2,-2,1652970171.1910574
-3,-6,-23,-3,-4,-5,-3,-3,1652970171.1910574
2,1,25,25,5,2,1,-1,1652970171.1910574
1,4,4,-3,4,5,-2,0,1652970171.1910574
-2,-3,7,15,-1,-1,2,-2,1652970171.2241175
-3,-3,2,43,2,-1,0,-2,1652970171.2241175
-2,-1,-15,-66,4,11,1,1,1652970171.2241175
4,8,16,-23,-8,-21,-2,2,1652970171.2241175
-2,0,0,35,66,7,-2,-3,1652970171.2241175
5,3,-8,-19,-20,0,4,2,1652970171.2241175
-6,-8,-13,-43,-26,-4,-5,-5,1652970171.2241175
0,4,23,42,-33,-5,-1,0,1652970171.2241175
-3,-3,6,1,-18,-2,-1,-3,1652970171.2370496
-3,-5,-4,9,38,2,-2,0,1652970171.2370496
-1,2,-4,-25,16,7,2,0,1652970171.2988544
-3,-6,-16,-32,-5,6,0,0,1652970171.2988544
-3,-3,-6,-8,1,0,-2,-2,1652970171.2988544
-1,-4,1,32,-12,0,-1,-3,1652970171.2988544
3,2,6,47,-6,-3,0,1,1652970171.2998557
-3,0,1,-18,14,8,-1,-3,1652970171.2998557
-1,-3,-1,-9,-13,-6,-3,-2,1652970171.2998557
-1,0,-5,-43,2,4,0,0,1652970171.2998557
-1,2,0,6,-2,-7,1,-2,1652970171.2998557
2,-1,-5,30,7,0,3,2,1652970171.2998557
0,0,-3,-42,-28,0,-1,0,1652970171.2998557
-2,2,13,46,15,-1,-2,-2,1652970171.2998557
-2,-7,-13,0,27,9,0,1,1652970171.3088245
0,2,20,34,15,13,-1,-2,1652970171.3088245
3,5,8,28,-2,-25,-2,2,1652970171.323785
-2,-7,-18,-85,24,3,-1,-1,1652970171.323785
-2,2,6,1,-39,-21,-6,-4,1652970171.323785
0,2,-2,53,13,9,4,0,1652970171.3267765
-2,-1,4,36,-3,2,1,-1,1652970171.3467228
1,0,-7,-56,-2,-5,-1,-1,1652970171.3467228
1,2,-6,-25,-12,-7,-1,1,1652970171.3467228
-3,-11,-22,-37,-6,0,-3,-2,1652970171.3467228
-1,2,1,34,-9,-2,-3,-1,1652970171.3566966
-1,6,12,26,-3,-1,0,0,1652970171.3566966
3,1,10,-6,19,2,-1,-1,1652970171.4139051
0,-1,-9,-19,-14,-2,-3,-1,1652970171.4139051
-2,-6,-14,-8,0,-24,-3,-1,1652970171.422776
1,2,-1,-7,-22,12,0,0,1652970171.422776
-2,3,10,36,29,18,5,-1,1652970171.422776
-2,0,1,-21,10,-23,-2,1,1652970171.422776
-1,-4,-11,30,37,6,-1,-2,1652970171.422776
-2,-3,-3,-15,-96,-9,-3,-1,1652970171.422776
2,-4,-5,-38,18,-2,-1,0,1652970171.422776
0,-1,-1,-23,2,-1,-1,0,1652970171.422776
1,6,-2,30,12,17,3,-1,1652970171.422776
-4,-2,-5,-50,4,-6,0,-3,1652970171.422776
