-3,2,17,74,64,-31,76,7,1652970174.42423
-13,-11,-15,-32,-29,-28,-47,3,1652970174.42423
36,6,9,16,2,4,35,-21,1652970174.4321773
-3,4,-16,-51,-22,11,24,-4,1652970174.4321773
-40,-4,18,5,-16,3,-19,-4,1652970174.4471688
42,1,2,37,91,5,-21,-23,1652970174.4471688
8,0,-4,-38,-6,19,24,19,1652970174.4471688
-21,-1,14,31,-31,-31,-49,-36,1652970174.4471688
-5,-1,-21,-12,-2,19,-22,1,1652970174.4750955
-13,1,-7,-26,-17,-31,-3,10,1652970174.4750955
4,8,17,75,70,41,-11,-9,1652970174.4750955
3,-10,-17,-72,-61,-30,10,-2,1652970174.4750955
-9,4,39,31,-27,10,11,15,1652970174.48407
18,-5,-16,-2,-6,-22,-14,8,1652970174.48407
-1,-4,-13,-16,10,-12,36,-7,1652970174.4920485
-14,4,11,-9,22,47,14,8,1652970174.4920485
-38,-18,-52,-60,-12,29,-67,-9,1652970174.5090044
-6,15,28,52,8,-21,-7,-8,1652970174.5090044
10,-18,-3,-29,-89,-38,14,-5,1652970174.5090044
22,-3,8,54,48,-1,2,21,1652970174.5090044
15,-3,-15,-28,17,34,37,-19,1652970174.5349364
-12,9,3,-15,-19,-6,-1,23,1652970174.5349364
-14,-2,-18,-14,12,-18,-11,-17,1652970174.5369298
9,3,25,70,25,-41,1,-6,1652970174.5369298
9,-4,-4,20,-8,10,52,-7,1652970174.5439098
-4,2,14,-38,-4,35,-98,-5,1652970174.5439098
-23,-10,-31,-49,-30,-35,14,-18,1652970174.551888
43,10,25,40,39,93,56,17,1652970174.551888
-30,1,-1,21,12,-96,-35,-15,1652970174.5678453
-4,1,33,-25,-15,53,102,21,1652970174.5678453
0,4,25,10,-5,-42,50,31,1652970174.5678453
13,8,-13,26,6,-22,-90,-30,1652970174.5678453
4,-6,-20,6,8,9,17,33,1652970174.5883684
-29,-22,-25,34,-16,-38,-20,-51,1652970174.5883684
12,18,22,-15,31,36,-13,11,1652970174.5883684
-55,-15,-22,-83,-61,5,26,-42,1652970174.5883684
81,2,10,-12,-32,-18,60,58,1652970174.6043265
-36,-10,-51,-119,-14,53,10,-34,1652970174.6043265
-28,-1,3,93,62,-56,32,49,1652970174.611307
-19,1,12,46,-13,-69,-29,-34,1652970174.611307
-3,-2,12,84,32,61,13,1,1652970174.6272628
20,-3,-36,-64,-42,-38,-35,-1,1652970174.6272628
38,28,62,15,39,102,16,-21,1652970174.6272628
-7,-3,-20,-47,16,42,73,39,1652970174.6272628
-11,-8,-6,-39,-41,-38,-19,-29,1652970174.653195
31,4,-6,30,-4,-75,-55,60,1652970174.653195
3,-4,6,-40,-60,-55,1,-11,1652970174.653195
-53,-15,-1,32,26,99,4,-6,1652970174.653195
4,4,-12,40,77,-77,3,4,1652970174.6721454
-15,-4,-1,12,7,-28,-11,-36,1652970174.6721454
2,2,-2,-8,-17,29,24,26,1652970174.6721454
101,18,30,-20,-54,-86,-14,82,1652970174.6721454
-30,5,-10,-49,8,95,35,-2,1652970174.687648
7,4,12,27,5,23,43,-11,1652970174.687648
-58,-14,-13,42,-7,14,-112,-34,1652970174.687648
9,2,18,19,83,38,119,22,1652970174.687648
19,5,3,2,-48,-41,-128,-23,1652970174.7075894
-10,-12,27,52,21,-51,16,6,1652970174.7075894
-19,-17,-49,-43,-44,-23,-57,-37,1652970174.7135758
5,8,-6,-11,-20,5,-7,-1,1652970174.7155578
20,10,5,-88,35,89,8,32,1652970174.7305372
-13,-3,1,94,16,40,48,-15,1652970174.7305372
-5,2,49,35,16,-73,-29,-25,1652970174.7305372
-5,7,-1,7,22,38,28,9,1652970174.7305372
8,-11,-27,-51,-56,-91,28,36,1652970174.750486
28,11,32,32,16,32,-39,-6,1652970174.750486
-16,-15,-35,-42,-26,12,69,13,1652970174.750486
14,-2,0,32,-24,-21,-47,-37,1652970174.750486
-15,-5,-6,-19,53,61,10,6,1652970174.7724428
-11,6,29,33,8,-4,28,0,1652970174.7724428
-16,-7,-12,6,-34,-36,28,22,1652970174.7744496
-4,9,10,-25,-8,18,-40,-14,1652970174.7744496
15,8,10,-17,-18,-17,-19,-12,1652970174.7904153
22,-4,-19,-7,9,11,-22,-9,1652970174.7904153
2,-14,-17,-38,29,26,-46,-16,1652970174.7904153
-20,-10,-13,20,-24,-15,-13,-21,1652970174.7904153
-24,1,-4,-3,-2,-26,-21,-24,1652970174.8100133
10,6,7,5,4,59,78,42,1652970174.8100133
45,2,8,65,25,-2,-15,-24,1652970174.8100133
27,5,-14,-81,-3,17,-19,41,1652970174.8100133
-37,0,21,45,3,-57,-22,-30,1652970174.8409202
-23,2,11,-12,-19,-13,22,2,1652970174.8409202
14,2,-10,-3,24,49,50,46,1652970174.8409202
-11,-2,-8,-26,-40,-30,-80,-35,1652970174.8409202
19,-3,7,-29,-46,22,36,6,1652970174.8558857
10,6,22,38,69,6,-1,-10,1652970174.8578744
0,-3,-30,17,30,-28,-87,-21,1652970174.8618684
-9,5,48,39,-27,44,63,-6,1652970174.8618684
5,12,15,3,13,-15,-26,13,1652970174.8698366
15,-23,-40,-13,-25,-31,-2,17,1652970174.8698366
-7,-1,2,-39,-1,36,27,-11,1652970174.8698366
-8,-5,-29,-27,12,5,-29,-23,1652970174.8698366
-22,-2,17,20,3,-32,-15,24,1652970174.891819
-2,-4,-16,-36,-8,24,12,-2,1652970174.891819
15,1,-13,-9,-10,-30,-22,18,1652970174.891819
-3,-14,-29,-37,11,-62,22,4,1652970174.8938162
-9,0,27,84,8,31,-45,-24,1652970174.9217398
13,8,5,4,-46,-25,-58,-16,1652970174.9217398
5,5,-11,-21,12,49,65,23,1652970174.9217398
-2,4,36,51,42,-14,4,14,1652970174.9217398
3,-5,-33,-69,-41,-31,-23,-6,1652970174.9297178
0,6,5,-23,-21,58,21,-10,1652970174.9297178
-7,1,15,-43,-7,-24,21,-12,1652970174.9297178
17,-3,-51,-9,18,7,60,8,1652970174.9297178
-19,-7,32,64,52,-14,-24,-8,1652970174.9526558
-3,4,21,12,-7,-10,-59,-3,1652970174.9526558
-1,7,2,26,16,23,-29,-7,1652970174.9526558
-26,-15,-37,-61,-40,-17,-4,-15,1652970174.9526558
25,-1,-15,-16,8,11,48,-8,1652970174.9706104
-29,-3,-2,-23,4,13,-36,9,1652970174.9706104
12,9,20,15,-5,-63,0,-3,1652970174.983785
-13,-19,-5,32,-3,21,26,-8,1652970174.983785
40,4,-31,-61,-17,13,-22,11,1652970174.9908063
-28,0,-23,-20,17,16,10,-13,1652970174.9908063
11,0,40,67,14,20,11,19,1652970174.9908063
-1,14,39,28,-8,50,-26,-24,1652970174.9908063
-61,-26,-5,16,4,-51,59,-9,1652970175.0077558
-1,-8,-44,-60,-38,-36,-85,-4,1652970175.0077558
18,5,-3,-9,-20,-55,-49,8,1652970175.0077558
2,6,0,35,34,4,-10,2,1652970175.0077558
25,4,17,-11,3,38,17,6,1652970175.0316958
7,1,-6,-24,-28,16,24,5,1652970175.0316958
-9,-7,-28,-57,-28,50,67,-1,1652970175.0316958
7,8,28,60,65,-30,-46,-1,1652970175.0316958
1,4,-2,34,-38,18,7,19,1652970175.0516512
-7,-6,14,49,97,-10,-10,-23,1652970175.0516512
16,1,-11,-34,-47,13,5,2,1652970175.0516512
-48,-7,11,-18,-33,-92,1,1,1652970175.0516512
-1,-8,-30,-35,-17,52,2,-6,1652970175.0688174
3,-2,-6,-43,-35,-30,21,-2,1652970175.0688174
-39,-14,14,15,16,2,14,1,1652970175.0768316
2,0,5,-15,34,7,-23,-10,1652970175.0768316
-6,3,-4,15,-21,-14,12,-22,1652970175.0957892
15,9,7,-3,-20,38,-28,15,1652970175.0957892
16,5,12,20,2,-11,10,2,1652970175.0957892
4,-4,-37,-33,-3,8,25,11,1652970175.0957892
-4,-3,24,43,32,3,-65,-12,1652970175.1047585
33,2,-16,-11,1,12,16,11,1652970175.1047585
-20,-2,-22,-23,7,19,10,-32,1652970175.1117373
-12,-5,-7,-8,-30,-27,-11,24,1652970175.1117373
5,-8,-26,12,12,-3,16,-8,1652970175.1276956
-9,-3,4,7,24,11,21,-5,1652970175.1276956
27,14,8,-27,-11,-4,-22,-3,1652970175.1276956
-15,-2,-8,-21,-11,21,-7,10,1652970175.1276956
-25,-6,4,-18,-54,-12,1,-10,1652970175.1556313
-12,-4,13,48,-27,-39,30,2,1652970175.1556313
-15,-6,2,14,7,2,10,-6,1652970175.162603
33,12,9,23,36,8,-59,-7,1652970175.162603
9,3,-20,-32,-4,23,-16,5,1652970175.1795986
-30,-20,-2,10,10,-22,5,-6,1652970175.1795986
-2,-7,2,13,1,-19,36,39,1652970175.1795986
17,-2,12,2,-14,59,41,-24,1652970175.1795986
0,5,1,3,20,-96,-28,0,1652970175.1875508
21,-3,-33,-1,-8,49,20,1,1652970175.1875508
-11,30,87,54,33,48,9,-11,1652970175.1875508
-60,-13,-30,-26,-27,-68,-19,14,1652970175.1875508
16,-4,-2,-7,-18,32,37,-2,1652970175.215469
2,5,0,-9,-2,-4,9,5,1652970175.215469
17,-19,-37,2,-2,-2,8,14,1652970175.215469
20,7,4,-4,20,28,19,-8,1652970175.215469
1,-6,-13,-51,-55,20,-2,-21,1652970175.2284663
-6,2,11,36,35,7,15,21,1652970175.2314262
-12,-6,-22,-24,-12,-32,-76,-12,1652970175.2394361
39,23,51,57,45,-28,-21,12,1652970175.2404356
5,-12,-22,-7,45,72,77,14,1652970175.2473829
-52,-14,4,11,-24,-98,-57,-24,1652970175.2473829
-3,5,1,-20,-9,4,10,3,1652970175.2473829
10,0,13,11,-20,-21,6,16,1652970175.2473829
24,13,25,20,6,-10,-1,4,1652970175.2749221
-16,0,-2,-1,32,62,17,-1,1652970175.2749221
3,-17,-44,-35,-78,-35,-34,-9,1652970175.2749221
-8,0,0,-3,-23,-53,-30,-5,1652970175.2749221
-5,6,32,12,27,30,39,0,1652970175.2898462
2,0,7,44,-9,13,-31,-9,1652970175.2918735
5,-1,23,58,88,-39,-27,-16,1652970175.2918735
10,-3,-10,-66,-44,17,22,13,1652970175.2918735
-10,12,3,9,-24,-5,-18,-18,1652970175.3078318
-12,-5,21,-14,-39,1,4,16,1652970175.3078318
7,2,-17,-46,-12,75,42,8,1652970175.3078318
-12,-11,-28,21,13,-32,-21,-8,1652970175.3078318
1,10,44,71,42,-35,-37,-11,1652970175.335758
11,-3,-21,-102,3,19,41,20,1652970175.335758
1,2,5,66,-4,-42,-14,6,1652970175.335758
38,7,-11,-22,-1,55,10,-10,1652970175.335758
-52,-29,-30,-22,-42,-6,-1,-27,1652970175.348758
15,11,20,-16,23,-4,-45,6,1652970175.348758
-16,-2,-10,-7,24,-4,57,6,1652970175.3596938
-8,-9,-31,-42,-14,22,-12,-12,1652970175.3596938
31,16,38,44,29,-9,-18,22,1652970175.3686788
-7,-6,-15,29,-22,42,13,-28,1652970175.3686788
-12,1,32,-23,16,17,4,-13,1652970175.376225
9,-2,-21,22,9,-17,28,2,1652970175.376225
23,10,-3,-12,-35,28,9,11,1652970175.3961723
3,4,4,28,27,-30,25,23,1652970175.3961723
-10,-23,-28,-49,-32,-23,-8,-26,1652970175.3961723
-3,-6,-18,-22,1,32,87,4,1652970175.3961723
-25,-2,40,50,19,-78,-40,-12,1652970175.4051485
0,-3,4,-8,-23,10,-23,6,1652970175.4051485
14,7,-17,29,7,77,49,8,1652970175.4121313
-23,-3,42,52,8,-49,-78,-19,1652970175.4121313
24,1,-22,-49,5,-20,45,29,1652970175.432043
-9,2,-3,19,-23,3,-1,-16,1652970175.432043
11,0,-6,-23,-25,2,53,-8,1652970175.432043
-2,-1,-6,-8,5,-1,-34,-1,1652970175.432043
6,2,-5,5,44,54,-1,24,1652970175.4560153
-46,-5,0,-11,-11,-64,5,-19,1652970175.4560153
9,3,18,26,-24,-10,-25,26,1652970175.4560153
7,2,0,7,93,-18,-63,12,1652970175.4560153
2,-6,-31,-58,-120,-97,-43,-6,1652970175.4639573
13,-6,-26,55,113,127,32,-24,1652970175.4639573
3,20,28,-15,-55,-119,1,23,1652970175.4844806
0,3,-3,18,7,35,-4,-1,1652970175.4844806
-4,-12,-27,18,54,73,21,22,1652970175.4925003
38,3,12,-15,-63,-59,-7,-5,1652970175.4925003
-4,5,-13,-18,12,74,13,0,1652970175.4925003
-38,-16,3,-8,-46,-50,-42,-11,1652970175.4925003
-30,-2,4,-68,32,17,-20,-20,1652970175.514399
9,-1,-20,13,-42,-44,9,6,1652970175.514399
4,-4,6,47,57,26,-21,-1,1652970175.514399
27,2,-4,-8,-57,-26,51,24,1652970175.514399
34,-5,-22,-23,1,32,12,-5,1652970175.5244083
7,16,11,-34,-5,-58,-18,13,1652970175.5244083
-6,-5,-6,-13,18,1,-14,-20,1652970175.5323513
-43,-2,2,28,18,36,-7,-8,1652970175.5323513
-45,-9,-18,-1,15,9,21,-10,1652970175.5512998
21,15,52,-14,21,81,58,10,1652970175.5512998
10,-7,-20,-14,-37,-72,-40,-7,1652970175.5512998
-13,0,11,34,-2,18,24,-14,1652970175.5512998
19,13,22,17,1,-35,22,7,1652970175.576268
-14,-8,-15,6,-21,9,-40,-9,1652970175.576268
-12,-5,-11,-27,0,26,-7,-16,1652970175.576268
30,1,12,28,44,-3,-21,24,1652970175.576268
-9,0,16,-37,-40,-15,-19,-23,1652970175.6021962
-8,-7,-26,-37,9,48,33,-3,1652970175.604159
27,-2,-7,11,-64,-26,-61,-14,1652970175.604159
-3,13,10,-1,15,-23,34,11,1652970175.604159
-20,-2,0,58,43,37,-51,7,1652970175.6111732
-20,-10,-24,-48,-8,-19,-8,-6,1652970175.6131666
-2,-4,2,-14,3,28,40,14,1652970175.6131666
8,1,-3,-16,-23,3,-36,-30,1652970175.6131666
-13,-2,16,56,28,7,-15,16,1652970175.6351092
31,4,-1,-22,6,-16,37,14,1652970175.6351092
-18,-6,0,46,-15,-58,-58,-35,1652970175.6371095
7,0,26,-1,9,17,42,43,1652970175.6371095
7,7,13,38,43,10,-3,-6,1652970175.6570623
-2,1,0,-55,-66,12,-19,-3,1652970175.6570623
-37,-5,-15,3,66,28,8,10,1652970175.6620383
30,3,15,-5,-57,-9,38,-8,1652970175.6620383
-11,-7,-20,-5,-53,17,-1,-15,1652970175.673009
-8,-1,18,42,39,-38,2,-5,1652970175.673009
60,5,-9,-6,45,5,-20,23,1652970175.673009
-15,6,24,5,-61,7,44,-3,1652970175.673009
-29,-16,-33,-57,-19,0,-68,-25,1652970175.693953
-6,-9,-10,23,9,-66,-18,8,1652970175.693953
15,8,17,10,10,82,-29,-19,1652970175.693953
16,-4,-33,-63,19,-46,42,40,1652970175.693953
-27,4,27,26,15,17,36,19,1652970175.7238772
8,11,16,37,75,31,12,12,1652970175.7238772
-28,-13,-21,-58,-82,-57,-26,-16,1652970175.7238772
10,-7,-25,-17,-13,9,16,-15,1652970175.7238772
24,-9,16,31,11,71,33,-4,1652970175.7318246
4,-2,-20,6,2,-89,-1,4,1652970175.7318246
-21,0,23,30,19,51,2,12,1652970175.7318246
-33,-11,-18,-37,0,27,-82,-31,1652970175.7318246
21,19,14,-54,-19,-23,86,17,1652970175.7667248
-4,-13,-33,-17,1,31,37,13,1652970175.7667248
11,14,16,-3,53,8,40,-2,1652970175.7667248
-3,-1,-3,67,-51,12,-7,-1,1652970175.7667248
19,6,1,37,-28,-35,-40,10,1652970175.773739
18,7,-2,-101,-84,92,92,-6,1652970175.773739
-31,-11,-20,17,3,-86,-77,-18,1652970175.773739
-7,-2,-20,-18,49,89,20,-1,1652970175.773739
26,1,10,45,-5,-117,-23,-10,1652970175.789696
38,5,40,30,8,-30,6,24,1652970175.789696
-60,-12,-30,-74,-67,1,-38,-27,1652970175.789696
-53,-13,8,36,57,13,9,-3,1652970175.789696
-20,-7,-24,-78,61,16,9,26,1652970175.866116
8,2,-6,31,-80,3,-33,5,1652970175.866116
13,9,31,33,-8,19,13,-35,1652970175.866116
8,-4,-10,-8,-33,-32,26,-5,1652970175.866116
67,9,-2,-32,-13,-14,-57,-4,1652970175.866116
-36,0,-32,14,46,21,16,-21,1652970175.866116
-26,5,56,36,24,-33,50,29,1652970175.866116
-41,-5,6,-16,-8,19,20,-10,1652970175.866116
-27,-16,-33,-28,-5,53,-34,-24,1652970175.867115
21,3,20,63,-7,-87,-73,-11,1652970175.867115
43,10,18,12,30,34,41,33,1652970175.867115
-7,-3,-7,51,31,-84,-40,-45,1652970175.867115
-32,-9,7,-23,-75,-49,-2,-3,1652970175.8820739
10,9,4,-9,52,92,-8,15,1652970175.8820739
15,-3,0,19,28,-46,-7,0,1652970175.8820739
8,3,11,-40,7,89,66,13,1652970175.8820739
-4,-9,-36,-8,-8,-33,-35,-16,1652970175.8950381
10,5,1,-20,-4,8,-32,-4,1652970175.8950381
26,-8,-25,28,10,-35,30,21,1652970175.8950381
-8,-5,-2,-37,-11,6,29,30,1652970175.8950381
-3,-5,-18,1,-2,3,20,-12,1652970175.95605
6,-2,35,15,0,-2,3,18,1652970175.95605
-33,-1,-30,8,27,21,-13,-14,1652970175.95605
32,10,23,-5,-19,-2,-19,-11,1652970175.95605
-2,3,2,-3,1,-23,31,18,1652970175.95605
8,-16,-39,-26,13,-40,-55,-27,1652970175.95605
7,16,50,36,-21,41,75,20,1652970175.95605
-14,-1,-13,-33,-13,-46,-69,-17,1652970175.95605
46,3,-17,-20,20,4,52,1,1652970175.95605
-48,-14,0,5,-41,-31,-64,-28,1652970175.95605
-23,-16,-30,7,33,16,-26,-7,1652970175.95605
25,5,0,-4,25,14,56,3,1652970175.95605
-4,8,25,29,35,33,-6,6,1652970175.9730043
-17,0,7,-31,-24,-22,17,-34,1652970175.9730043
2,-7,-27,-40,-61,39,23,25,1652970175.9730043
16,17,44,44,-14,-57,-71,12,1652970175.9730043
17,4,-8,18,42,40,18,7,1652970175.9949453
24,-11,-21,-12,-51,-4,-3,-16,1652970175.9949453
-19,2,10,-9,2,41,41,15,1652970175.9949453
-45,-13,-16,3,2,34,11,1,1652970176.0019271
24,2,0,15,-13,-7,27,-2,1652970176.0178843
-27,6,2,-5,40,6,-37,-4,1652970176.0178843
-4,-8,10,-19,-19,-18,-28,8,1652970176.0178843
26,-8,-50,3,-4,-25,-15,5,1652970176.0178843
-24,7,27,-16,12,-34,-18,-29,1652970176.0398257
27,18,17,-13,-28,-7,48,36,1652970176.0398257
20,-1,-43,-25,10,-16,3,-23,1652970176.0418205
-2,-5,12,23,-14,9,-42,1,1652970176.0418205
-25,-17,-37,-2,40,25,-36,-1,1652970176.0517936
-12,6,46,49,21,-16,-10,5,1652970176.0517936
5,-4,-15,-21,-6,-4,-30,-7,1652970176.0627637
5,-6,-13,-3,-22,-57,7,-8,1652970176.0627637
0,6,4,-6,-9,31,11,-21,1652970176.0797188
-10,-12,-24,-35,-17,23,0,30,1652970176.0797188
16,9,23,-22,-60,-33,-21,2,1652970176.0797188
28,10,36,66,58,24,6,6,1652970176.0797188
-22,-10,-11,10,-13,-38,-14,13,1652970176.0886948
-39,-8,-12,4,48,25,10,-28,1652970176.0886948
-8,0,-13,-6,-2,17,13,16,1652970176.0966735
40,6,3,-14,11,-22,-22,-4,1652970176.0966735
-22,-2,15,27,-31,0,24,-5,1652970176.1126308
-13,-11,-15,-8,-13,-32,-9,-17,1652970176.1126308
-6,11,31,9,13,19,-2,-21,1652970176.1126308
-4,5,-11,-42,-4,22,-13,-3,1652970176.1126308
2,-9,-27,-50,15,-16,-32,11,1652970176.1415534
-17,-6,13,51,-20,-2,49,11,1652970176.1415534
8,-6,-2,14,-5,-26,-14,-14,1652970176.1415534
-23,7,11,4,14,43,-5,-23,1652970176.1415534
27,6,-23,-17,-6,3,10,16,1652970176.1495326
-4,-4,-21,12,2,10,-3,-1,1652970176.1495326
-28,-10,-19,-26,36,33,16,-16,1652970176.157511
13,2,0,-19,-33,-6,-18,4,1652970176.157511
2,-5,0,-14,13,8,11,6,1652970176.2161
13,7,19,37,-1,-5,-8,3,1652970176.2161
0,-6,-30,-25,23,12,25,-11,1652970176.2161
2,-10,-15,-20,11,-14,-17,9,1652970176.2161
-22,1,47,24,-51,9,-13,-8,1652970176.2161
20,7,-14,13,18,-2,1,14,1652970176.2161
14,1,7,-23,11,-26,-2,-6,1652970176.2161
10,7,11,-1,16,47,25,-4,1652970176.2161
-16,-10,-18,-11,-55,-26,-3,9,1652970176.2161
-26,-6,29,31,11,18,33,-14,1652970176.2161
18,-8,-20,-61,5,-19,-59,15,1652970176.222117
-13,-2,-7,33,-17,-17,-9,-1,1652970176.222117
-7,9,13,19,5,31,12,-10,1652970176.2320945
21,7,21,22,30,3,12,-1,1652970176.2320945
11,-1,-10,21,8,50,6,12,1652970176.2320945
-7,-12,-16,-4,-11,-24,-6,-6,1652970176.2320945
-1,14,20,-34,-48,-52,2,-5,1652970176.2590258
6,-7,-9,-27,20,16,-3,15,1652970176.2590258
-17,-5,11,41,0,-18,-12,-14,1652970176.2590258
1,-4,-14,-21,-10,20,46,0,1652970176.2590258
30,4,-23,2,56,34,6,8,1652970176.2680032
-36,-11,-8,-41,10,-26,-10,6,1652970176.2680032
-21,0,8,22,-48,-3,-8,7,1652970176.2849503
4,3,19,28,0,1,33,9,1652970176.2849503
8,-8,-14,12,-36,-62,-28,-1,1652970176.2919312
7,8,-9,-59,-16,48,41,-7,1652970176.2919312
-2,11,-10,-3,8,16,-66,2,1652970176.2919312
11,-11,-4,-27,-8,-34,-3,9,1652970176.2919312
12,-1,9,47,22,-50,0,-2,1652970176.320853
2,0,30,51,17,33,9,0,1652970176.320853
-34,-8,0,-5,12,7,73,-8,1652970176.320853
-3,13,-12,-78,-41,-37,-119,-15,1652970176.320853
5,-10,-7,11,1,48,76,-4,1652970176.3288329
6,-5,-6,12,13,-32,-29,7,1652970176.3288329
6,-2,10,13,-42,-32,32,5,1652970176.3368034
-18,-4,-1,-13,51,3,-61,-10,1652970176.3368034
-2,-3,-7,-31,-16,41,-5,-4,1652970176.3527675
-18,-1,-40,-55,6,84,81,-13,1652970176.3527675
35,6,24,28,-24,-50,-20,22,1652970176.3527675
-17,-13,-2,-44,30,-38,50,13,1652970176.3527675
-6,1,17,79,19,-12,-21,-12,1652970176.3796954
30,5,-2,8,-18,-21,6,1,1652970176.3796954
36,4,-11,23,15,30,21,10,1652970176.3796954
-37,-12,-19,-22,16,53,16,24,1652970176.3796954
-29,5,35,17,-3,16,22,-5,1652970176.3886707
-4,-10,-5,-31,-38,4,-123,-14,1652970176.3886707
4,2,-17,-60,-21,-65,-8,-33,1652970176.395652
15,6,3,9,-12,44,65,0,1652970176.395652
-2,16,49,48,82,-10,-58,3,1652970176.4116094
2,-6,-24,34,-15,5,-40,-21,1652970176.4116094
17,6,5,12,-1,1,28,36,1652970176.4116094
-14,-13,6,13,-13,-46,-8,-21,1652970176.4116094
-20,-10,-54,-69,-21,7,-88,7,1652970176.4375417
-11,6,17,-19,3,-13,24,-19,1652970176.4405332
29,-5,-18,-13,-23,36,-13,8,1652970176.4405332
6,18,22,19,12,22,33,1,1652970176.4405332
-14,-8,-17,-85,-18,40,64,-10,1652970176.4475157
16,14,4,41,-15,-106,-107,-10,1652970176.4475157
-60,-5,43,88,38,25,30,-3,1652970176.4554844
21,-10,-7,13,-21,-10,-15,-5,1652970176.4554844
39,2,9,21,12,16,77,41,1652970176.4714527
-62,-14,-8,-41,14,-31,-20,0,1652970176.4714527
-26,-11,-37,-91,-79,-42,16,-25,1652970176.4714527
0,-6,-18,69,58,-2,-79,-34,1652970176.4714527
25,5,14,-30,-27,-3,17,31,1652970176.4973478
7,0,8,33,24,-51,37,24,1652970176.4973478
26,0,-36,12,43,22,-24,3,1652970176.5003724
-13,20,97,55,-19,-15,-44,9,1652970176.5003724
1,-8,-32,-56,-86,26,-43,1,1652970176.508351
35,10,12,-4,53,25,84,18,1652970176.508351
-10,-4,-12,18,29,46,-22,-20,1652970176.517342
-5,-16,-45,-1,11,11,21,-8,1652970176.517342
-25,4,4,26,27,-11,-9,-39,1652970176.5372791
6,5,1,-27,-30,31,19,21,1652970176.5372791
-14,10,66,38,32,47,-26,-2,1652970176.5372791
42,-3,-46,-49,-41,-80,49,7,1652970176.5372791
44,11,31,60,-4,43,-71,13,1652970176.5522342
-55,-8,3,-38,-34,36,-20,-28,1652970176.5522342
-20,-6,-9,0,5,-65,30,35,1652970176.5602136
15,5,12,3,-2,16,65,16,1652970176.5602136
-12,2,-9,21,27,-84,-42,-45,1652970176.5791616
23,0,-15,-25,-7,2,8,20,1652970176.5791616
2,5,33,35,5,49,-5,-20,1652970176.5791616
-22,-17,-53,-79,4,0,-33,28,1652970176.5791616
35,17,38,54,-9,15,63,8,1652970176.5941243
-28,-8,6,30,19,17,36,11,1652970176.5941243
-32,-14,-17,-26,-55,1,61,-7,1652970176.5961208
-5,-3,-3,19,-1,-31,-27,24,1652970176.5961208
9,11,23,5,44,36,21,-18,1652970176.6180599
33,6,-1,-20,-4,-18,-10,-5,1652970176.6180599
50,-1,-27,-28,3,-8,-12,22,1652970176.6591794
-46,-10,-25,-28,-21,76,84,-22,1652970176.6591794
-40,-11,6,8,-40,-69,-91,-19,1652970176.6701093
5,-3,1,53,42,7,8,6,1652970176.6701093
19,7,2,-28,7,28,-19,-9,1652970176.6701093
78,13,-24,11,40,-46,-25,10,1652970176.6701093
-56,-5,49,19,-47,-23,31,-1,1652970176.6701093
-40,-12,-15,-30,-32,-25,-8,-13,1652970176.6701093
-29,-17,-25,-8,33,51,21,-37,1652970176.6701093
45,30,65,44,-23,-16,-93,12,1652970176.6701093
-24,-18,-37,-68,6,29,36,21,1652970176.7011786
19,3,-4,8,-16,-34,0,-4,1652970176.7011786
-13,-2,7,16,5,-25,-55,-17,1652970176.7041676
4,10,34,28,0,102,116,-5,1652970176.7041676
27,-2,-32,0,41,-111,-10,2,1652970176.7261138
-33,-7,-14,-32,-14,22,-14,9,1652970176.7261138
-15,-12,-5,-4,-41,-39,-42,-3,1652970176.7261138
-32,-2,3,-4,33,52,12,-18,1652970176.7261138
26,-6,-34,-12,-10,5,13,18,1652970176.7390423
33,2,-5,-3,11,28,32,4,1652970176.7390423
-5,8,27,-4,21,-49,-90,-1,1652970176.7390423
-30,-11,-16,-12,-52,-2,9,-3,1652970176.7390423
-15,-11,-18,-32,10,27,29,-5,1652970176.7593932
13,-6,-25,-28,-54,-49,-25,-11,1652970176.7593932
-7,-5,-11,23,16,4,24,1,1652970176.7593932
-6,7,42,33,2,4,37,-6,1652970176.7593932
34,7,-16,-42,21,55,-1,-1,1652970176.7693715
-3,-7,11,6,3,-20,-24,14,1652970176.7693715
4,20,36,31,-2,16,34,10,1652970176.7693715
-22,-20,-21,-15,-13,-56,-7,-13,1652970176.7693715
-22,-1,2,-21,0,42,9,-15,1652970176.8054335
95,10,-2,22,36,10,0,38,1652970176.8054335
-39,3,-4,18,11,14,36,-7,1652970176.8054335
-25,-1,4,10,62,-46,-89,10,1652970176.8054335
7,10,37,-2,-71,29,23,3,1652970176.8054335
-6,-1,-4,-24,9,-28,-38,-29,1652970176.8054335
8,-5,-13,39,31,75,48,3,1652970176.8054335
29,22,40,-10,-4,-50,-23,-3,1652970176.8054335
-31,-20,-42,62,35,25,-9,12,1652970176.8373096
18,7,24,-34,-45,-9,9,-12,1652970176.8373096
6,-2,27,20,11,-20,36,8,1652970176.8373096
-32,-18,-23,-25,-40,37,-72,-15,1652970176.8373096
10,5,20,33,14,-60,-4,-5,1652970176.8653119
-7,5,-28,-15,36,14,14,-5,1652970176.8653119
41,11,-5,-35,-19,-5,13,9,1652970176.8653119
18,-7,-16,-22,-48,38,17,17,1652970176.8653119
-20,0,1,8,-18,19,30,19,1652970176.867303
-44,-14,-11,23,20,-17,-59,-44,1652970176.867303
34,5,-5,-17,-7,1,7,14,1652970176.867303
23,0,-27,-34,-39,-27,-9,20,1652970176.867303
-55,-17,3,5,7,-4,-25,-19,1652970176.8763163
32,3,18,26,13,48,39,15,1652970176.8763163
-35,-8,-7,0,81,-36,-27,-26,1652970176.8822753
-3,-6,-36,-77,-98,28,92,-15,1652970176.8822753
49,23,30,44,2,-13,-22,37,1652970176.8922815
-32,-8,-1,46,18,3,4,6,1652970176.8922815
-7,-6,-10,-46,-27,-57,-22,3,1652970176.9012568
-4,-4,-9,26,51,22,3,-19,1652970176.9012568
9,-2,-36,-72,-24,38,23,-32,1652970176.9212046
35,10,16,50,1,-19,-6,56,1652970176.9212046
-4,2,-10,-41,-39,-18,13,0,1652970176.9212046
-38,0,30,11,10,11,-14,-15,1652970176.9212046
-3,-4,-3,20,16,-23,18,4,1652970176.9391565
5,9,20,16,-1,4,-18,-17,1652970176.9391565
0,-9,-37,-12,-10,-33,3,13,1652970176.9391565
13,5,-2,1,31,-3,-15,-1,1652970176.9391565
-25,1,24,-1,70,0,9,3,1652970176.9630914
24,-2,-3,-40,-101,-2,16,-17,1652970176.9630914
-18,-8,-1,15,-6,-18,-31,-10,1652970176.9630914
24,4,3,40,4,51,15,17,1652970176.9630914
-27,-6,-11,0,27,-43,-17,-17,1652970176.9780507
-14,8,30,29,1,8,34,2,1652970176.9780507
11,1,-21,-43,-8,27,-26,-33,1652970176.9780507
21,17,59,55,24,-18,-25,30,1652970176.9780507
-4,-12,-26,-36,-50,-57,-32,8,1652970176.9960124
-27,-12,-10,-31,33,13,-19,-10,1652970176.9960124
13,0,-16,20,-11,10,30,2,1652970177.0029843
-3,1,26,57,26,13,32,-1,1652970177.0029843
14,-1,-12,-11,29,-47,6,0,1652970177.016956
-32,-4,-20,-14,-6,-2,-43,-15,1652970177.016956
0,3,2,-21,-20,16,14,9,1652970177.0249288
21,4,2,-10,-25,-47,-21,-18,1652970177.0249288
-11,-2,10,7,0,63,3,-4,1652970177.0339117
-5,-4,-14,-7,41,7,21,1,1652970177.0339117
9,-4,0,-2,-19,-52,-27,15,1652970177.0418806
-32,-9,-34,-11,-17,-13,23,-13,1652970177.0418806
32,17,50,52,23,32,-48,-14,1652970177.0590003
26,7,-2,-28,-21,5,-9,6,1652970177.0590003
-40,-5,33,83,14,28,10,13,1652970177.0590003
-27,-15,-19,-19,31,-9,19,1,1652970177.0590003
4,-4,-10,-8,-55,-16,-19,-15,1652970177.0729642
2,-6,1,-8,18,7,43,13,1652970177.0729642
15,2,-5,-3,14,31,-12,-12,1652970177.088925
21,-4,-22,-27,-36,-61,-15,6,1652970177.088925
13,14,15,5,21,30,34,-5,1652970177.0969
-24,-1,17,27,59,47,18,4,1652970177.0969
-18,-11,-4,-63,-79,-100,-42,-14,1652970177.0969
-22,-17,-37,-22,-15,34,-7,-9,1652970177.0969
5,2,-5,29,-36,-5,3,2,1652970177.1198378
-1,1,20,14,3,-15,-9,-10,1652970177.1198378
16,4,5,-8,21,38,13,3,1652970177.1228292
1,5,4,-12,0,-33,-16,-4,1652970177.1228292
14,-7,-26,15,12,51,43,17,1652970177.129813
-3,-1,-21,-46,-21,-30,-16,-2,1652970177.129813
-8,-6,1,-8,29,20,36,-2,1652970177.1507218
-1,4,-16,-11,-23,19,-62,-1,1652970177.1507218
-20,-7,9,-20,25,-34,1,3,1652970177.1597307
0,-4,0,61,3,17,17,-9,1652970177.1597307
17,1,3,-11,-16,-15,-6,0,1652970177.1597307
-17,5,12,27,18,38,9,-29,1652970177.1597307
35,7,-8,-22,2,-29,-45,26,1652970177.1756976
-11,-10,-12,-27,-57,-10,8,-15,1652970177.1756976
-19,8,26,-21,-23,-19,-25,15,1652970177.1847122
-29,-8,-5,-4,51,21,86,12,1652970177.1847122
-2,-12,-30,-21,-26,14,-33,-20,1652970177.1916916
19,12,6,0,11,-36,-21,4,1652970177.1916916
-2,-1,-8,33,-4,16,-9,-7,1652970177.2046597
11,7,19,16,31,-3,31,3,1652970177.2046597
-18,-1,16,-7,20,31,45,-3,1652970177.2126346
15,0,-33,-30,-50,-26,-38,-2,1652970177.2126346
3,7,6,66,25,5,2,1,1652970177.2216115
13,-1,-1,-43,-30,17,57,7,1652970177.2216115
-26,-13,-12,-13,-17,14,-84,-8,1652970177.239564
0,7,31,36,21,13,12,-3,1652970177.239564
13,0,-4,-7,54,15,-4,12,1652970177.239564
-18,-6,-42,-46,-61,-12,-6,13,1652970177.239564
18,-2,8,56,7,-32,26,-2,1652970177.25652
-31,-9,-2,3,13,26,-59,-16,1652970177.2941837
15,0,-15,-49,-52,0,6,5,1652970177.307137
29,9,44,46,16,5,10,-16,1652970177.307137
-11,-1,8,-34,7,5,5,4,1652970177.307137
-13,0,-38,42,12,4,16,7,1652970177.307137
-27,-3,41,-2,22,6,1,-9,1652970177.307137
-20,-6,-19,-43,-38,-48,-72,-17,1652970177.307137
5,0,-18,-15,-2,9,22,7,1652970177.3080947
2,5,-2,33,43,5,22,-21,1652970177.3080947
45,-4,-3,31,16,14,6,32,1652970177.3080947
-39,3,17,18,31,19,2,2,1652970177.3080947
-11,2,46,36,-37,-80,-6,-20,1652970177.3610785
0,-10,-14,-43,-43,23,-44,6,1652970177.3610785
2,8,-2,30,8,5,-2,-19,1652970177.391893
49,-1,-2,-29,21,18,0,11,1652970177.391893
-18,8,14,0,14,12,10,5,1652970177.391893
-5,0,7,-25,-18,-70,-9,-4,1652970177.391893
-24,-6,22,30,15,11,17,8,1652970177.391893
-2,-4,7,38,-41,-27,-30,-5,1652970177.391893
33,4,-21,-19,13,35,15,-22,1652970177.391893
17,0,7,1,-25,-30,31,29,1652970177.391893
-37,-18,-58,-63,2,-17,-16,-10,1652970177.391893
4,7,21,45,33,2,-18,10,1652970177.391893
6,-4,-18,3,25,0,19,2,1652970177.391893
-4,11,29,29,35,35,7,-12,1652970177.391893
27,-1,-26,-34,-32,-14,-12,13,1652970177.391893
-3,11,17,4,-7,-6,-6,-7,1652970177.391893
15,4,-15,-64,-23,14,2,20,1652970177.3979123
11,-13,-7,21,-6,-4,12,-3,1652970177.3979123
-31,3,37,55,26,16,-3,-12,1652970177.399904
-2,-6,-22,-42,-14,8,6,-3,1652970177.399904
-18,3,14,33,29,4,-32,-3,1652970177.4238067
-22,-2,-20,-55,-5,-9,27,7,1652970177.4238067
32,6,0,-5,-11,-2,-18,-8,1652970177.436779
23,3,17,25,9,-31,-22,-5,1652970177.436779
-22,-9,-20,-31,-3,49,34,15,1652970177.436779
-17,-3,17,42,34,-20,19,-3,1652970177.436779
-3,-3,7,-6,-57,-15,-15,10,1652970177.4447832
6,-3,-22,-4,11,0,-2,-7,1652970177.4447832
16,1,-14,-51,-52,-31,-13,-1,1652970177.452753
-3,0,-1,10,19,27,-11,-9,1652970177.452753
4,-3,0,11,5,16,-16,-6,1652970177.452753
-17,-3,6,8,36,-8,19,-3,1652970177.452753
5,2,-26,-9,-26,-29,3,14,1652970177.4766977
13,8,46,76,-13,18,10,-3,1652970177.4766977
-9,-7,-3,-18,-15,-10,-19,-13,1652970177.4846535
-9,-6,-19,-24,-14,11,-4,3,1652970177.4846535
-20,-3,-4,-37,1,-34,-27,-25,1652970177.505597
-14,-8,-28,-23,-17,24,40,22,1652970177.505597
-6,7,31,25,83,-3,0,-3,1652970177.505597
-8,-17,-32,-61,-53,5,-15,-12,1652970177.505597
18,11,15,41,35,29,58,9,1652970177.51258
9,1,17,-1,28,-27,-111,-13,1652970177.51258
35,12,-3,11,-59,-11,31,13,1652970177.5225203
-28,-15,-11,6,10,1,18,3,1652970177.5225203
-8,3,-5,-13,-9,-21,-7,-9,1652970177.538511
-1,-12,-3,4,-17,24,37,20,1652970177.538511
-5,-1,-4,11,24,17,-5,-1,1652970177.538511
13,5,-11,-28,-16,-21,-14,3,1652970177.538511
-5,3,26,16,-19,-16,-10,-5,1652970177.558457
24,3,-16,-52,36,-7,-8,2,1652970177.558457
-4,-1,-1,16,-22,-29,12,-27,1652970177.5674427
-17,1,-4,19,10,27,31,35,1652970177.5674427
-7,-16,-25,-13,7,17,1,2,1652970177.5754125
-4,2,-4,-2,-26,-4,-19,-5,1652970177.5754125
27,9,12,-36,5,-2,23,3,1652970177.5754125
5,5,11,57,9,6,-15,-22,1652970177.5754125
-4,-4,-8,6,7,6,-1,18,1652970177.6003444
-5,4,21,-19,-14,-3,18,4,1652970177.6003444
-11,-9,-10,-32,-46,9,11,-1,1652970177.6003444
5,3,6,0,11,24,14,-5,1652970177.6003444
30,5,6,50,44,14,-44,0,1652970177.620296
-10,-13,-23,-57,-37,-52,1,-10,1652970177.620296
-28,-9,-10,27,30,13,9,9,1652970177.620296
0,-1,4,21,-10,-34,-4,-3,1652970177.620296
0,-5,-14,-13,12,-3,-31,-12,1652970177.6362164
17,13,10,-30,8,6,9,-19,1652970177.6362164
22,7,1,30,64,21,-10,20,1652970177.6442275
-29,-13,-14,-23,-55,-23,10,11,1652970177.6442275
-26,-14,-17,8,-16,13,21,-8,1652970177.6601853
-20,11,49,20,-27,-10,-3,-5,1652970177.6601853
1,3,-5,-30,-4,-8,-18,-12,1652970177.6601853
37,3,-19,-44,30,26,5,3,1652970177.6601853
-20,6,17,40,3,10,-43,-17,1652970177.6791353
19,-7,-27,-3,-13,-60,-9,11,1652970177.6791353
-18,-6,-3,-1,-21,17,12,-1,1652970177.6791353
4,1,17,22,3,-11,-10,1,1652970177.6791353
8,-10,-24,-53,-13,11,38,-9,1652970177.705065
-9,3,-8,6,13,42,-25,-19,1652970177.705065
3,19,46,68,45,-11,12,9,1652970177.705065
-12,-7,-3,12,-9,-4,61,4,1652970177.705065
-5,-13,-7,-70,-59,-31,-51,-4,1652970177.7220206
0,13,45,77,3,19,14,8,1652970177.7220206
11,-4,-20,-23,-2,-39,-19,-5,1652970177.7220206
1,4,7,18,73,-5,-7,-6,1652970177.7220206
-15,-4,-7,3,-40,3,-9,3,1652970177.7419696
-16,-14,-25,-22,6,20,2,-4,1652970177.7419696
11,-8,-24,-14,-36,14,-7,-3,1652970177.7419696
22,15,21,-7,-7,-24,-7,8,1652970177.7419696
-3,3,17,24,25,-12,-1,1,1652970177.7509515
-10,-3,2,32,-8,13,-3,8,1652970177.7568939
-16,-8,-9,-45,-21,5,11,-15,1652970177.7599175
-1,-5,-28,-40,-11,18,-13,-4,1652970177.7678983
29,10,13,11,14,-7,17,8,1652970177.7758431
19,3,-11,-4,13,9,15,9,1652970177.7758431
-23,-6,28,37,4,-11,-8,-10,1652970177.7848513
-13,-8,5,1,-48,9,-14,-4,1652970177.7848513
19,13,21,54,53,11,7,28,1652970177.8048003
2,-10,-19,-39,-12,-17,-1,-10,1652970177.8048003
-9,-1,-33,-53,-49,6,-4,2,1652970177.8048003
12,4,5,24,12,6,-6,4,1652970177.8048003
16,2,16,5,-10,18,11,-5,1652970177.812779
-22,-8,-25,-43,16,18,3,-3,1652970177.812779
-4,0,6,1,22,1,12,1,1652970177.8217523
3,-1,6,30,3,-2,-52,-16,1652970177.8217523
21,4,-13,-2,-23,-22,6,12,1652970177.8377094
-2,-4,24,26,15,10,16,7,1652970177.8377094
-35,-10,-29,-18,5,-37,-5,-11,1652970177.8377094
-12,-3,13,22,23,-6,9,-2,1652970177.8377094
-12,-4,-15,-39,-19,-1,6,-3,1652970177.8636088
17,2,-19,-18,-19,15,21,6,1652970177.8636088
15,-1,-2,-8,15,9,-25,-7,1652970177.8636088
-7,7,16,20,-1,-4,4,0,1652970177.8636088
-12,6,31,34,13,-4,-25,-2,1652970177.8726168
18,-1,-8,7,-3,-6,12,2,1652970177.8726168
-7,-1,-2,-26,6,-1,-9,1,1652970177.8885736
-8,0,-5,11,-12,-1,-3,-1,1652970177.8885736
-14,-9,1,-3,3,5,2,-11,1652970177.8975575
-9,-3,-21,-17,-5,-27,-15,-8,1652970177.8975575
19,12,61,79,29,31,-2,2,1652970177.8975575
19,1,-26,-58,-27,22,-2,18,1652970177.8975575
-10,-1,5,16,22,-21,15,2,1652970177.925475
-2,-4,-17,-36,-36,-40,-23,-17,1652970177.925475
-28,-3,-19,12,4,19,48,-10,1652970177.925475
-1,13,60,31,3,11,-43,-4,1652970177.925475
8,-1,-4,18,17,0,5,-3,1652970177.9344609
-10,-3,-14,-19,12,15,-10,5,1652970177.9344609
14,-4,-30,-40,-8,6,-5,-2,1652970177.942431
-3,4,31,20,2,11,37,0,1652970177.942431
3,-5,-30,-34,-44,-24,-12,2,1652970177.9603827
10,-3,8,17,1,-2,15,-2,1652970177.9603827
-9,-2,-8,-31,-34,-7,-36,2,1652970177.9603827
11,2,0,22,52,-11,5,0,1652970177.9603827
4,-1,0,22,3,9,14,-3,1652970177.9802954
-13,-12,-27,-19,12,1,-11,-7,1652970177.9802954
14,8,28,22,-20,-6,7,8,1652970177.9802954
-23,-17,-38,-55,-19,23,30,-9,1652970177.9802954
-13,8,23,33,-7,-27,-18,1,1652970177.9952579
26,11,15,18,30,-21,-12,7,1652970177.9952579
-29,-15,-36,-35,-24,-8,-3,-6,1652970178.0042672
-12,1,-10,-54,-42,-23,-1,-9,1652970178.0062613
-6,-10,-32,-22,9,38,24,-4,1652970178.0152397
-2,0,31,28,-10,8,-4,-1,1652970178.0232139
25,4,7,18,28,-27,4,8,1652970178.0232139
-1,-5,-14,11,7,1,17,7,1652970178.0232139
-8,-4,-18,-29,-43,-33,-35,-7,1652970178.04416
-1,-2,11,31,29,18,-14,-6,1652970178.04416
10,0,2,12,38,5,13,5,1652970178.04416
-3,-3,4,9,-13,12,-7,-16,1652970178.04416
12,0,-1,-22,-31,7,-6,13,1652970178.0531015
-18,-1,-5,-15,-2,-5,-1,-6,1652970178.0531015
3,-1,-8,-26,-25,30,21,11,1652970178.061113
21,-3,-20,26,25,-58,-34,8,1652970178.061113
-21,-2,7,20,27,25,29,-15,1652970178.077069
-12,5,16,-20,-6,10,2,-6,1652970178.077069
6,-3,-22,30,6,-1,-8,6,1652970178.077069
-8,2,2,-26,-8,-15,2,2,1652970178.077069
0,11,49,28,12,0,8,-2,1652970178.1049967
-7,-2,-9,-12,10,11,-10,6,1652970178.1049967
5,-3,-1,43,2,4,-38,-8,1652970178.1049967
15,3,3,6,9,11,-21,-5,1652970178.1049967
-10,-3,-4,-16,-6,-2,16,-9,1652970178.140625
2,2,4,-9,-33,19,15,14,1652970178.140625
25,7,8,-7,7,-11,21,2,1652970178.140625
-18,-6,-11,-19,15,-9,-21,0,1652970178.140625
2,-1,-21,-11,-1,33,23,8,1652970178.140625
9,8,30,8,-19,-10,-9,-1,1652970178.140625
-9,-4,-5,-8,4,-22,-7,-6,1652970178.140625
-30,-5,1,22,3,-36,-22,-6,1652970178.140625
10,-4,4,-1,27,24,55,2,1652970178.157544
-12,-10,-28,-3,-8,8,-34,-11,1652970178.157544
-10,-3,-15,-42,-23,31,13,5,1652970178.1635277
14,7,33,51,7,-17,2,3,1652970178.1635277
3,0,-12,-28,4,-8,-1,-3,1652970178.1745307
4,12,39,52,9,-13,-4,-2,1652970178.1745307
-2,-9,-15,-29,-20,8,8,-6,1652970178.1865082
-8,-4,-9,-3,-28,6,19,-8,1652970178.1865082
17,5,0,-34,7,15,-10,13,1652970178.2014601
-21,-4,-4,2,-8,-16,22,-8,1652970178.2014601
-1,2,23,56,32,-16,-27,4,1652970178.2014601
38,7,-12,-15,-3,17,-3,17,1652970178.2014601
-5,-7,-8,-9,-19,-5,-35,-11,1652970178.22041
-24,-7,-8,-10,24,-15,9,-2,1652970178.22041
4,5,-7,-31,-3,-7,10,1,1652970178.22041
-23,-3,16,30,-6,14,4,-1,1652970178.22041
-12,-2,18,46,10,-10,-18,-5,1652970178.2343712
14,-2,-16,-14,17,51,14,13,1652970178.2343712
14,-9,-25,-19,-25,-23,1,1,1652970178.2483404
8,8,20,-33,32,6,-1,-8,1652970178.2483404
-1,-1,-17,6,-15,-4,25,4,1652970178.2573116
-1,-3,-13,14,10,-4,37,0,1652970178.2573116
-8,5,22,43,-11,-7,-18,-11,1652970178.2573116
13,3,5,-32,-18,3,-10,6,1652970178.2573116
0,-14,-37,-30,10,-10,-6,-11,1652970178.2812498
10,8,21,22,-12,-8,26,5,1652970178.2812498
-16,7,25,46,17,30,9,1,1652970178.2812498
2,-6,-8,-26,12,3,6,5,1652970178.2812498
-23,-4,-1,-2,14,19,-6,-5,1652970178.2942107
-5,-5,-25,-15,-7,-2,-27,-10,1652970178.2942107
6,-3,-1,20,0,-6,21,-1,1652970178.3061779
6,-2,-7,7,18,15,2,2,1652970178.3101683
15,5,19,-4,-24,-16,-46,6,1652970178.3191457
-1,0,-21,-61,-23,-14,4,2,1652970178.3191457
-1,1,-8,-19,-10,-13,-7,-9,1652970178.3191457
-37,-5,9,24,-4,2,12,-17,1652970178.3191457
2,-1,4,21,6,-5,25,15,1652970178.3420818
11,4,18,34,14,-9,2,4,1652970178.3420818
1,-2,-18,-19,-6,-11,-31,1,1652970178.3420818
14,1,21,-23,1,5,-4,0,1652970178.3420818
2,6,13,10,17,2,-5,-9,1652970178.3610485
-18,1,6,8,11,5,-11,-1,1652970178.3630261
0,-5,-21,-48,-34,-12,39,-6,1652970178.3630261
6,-9,-36,-25,-14,-8,5,-3,1652970178.3630261
-7,-2,-6,41,35,12,-20,-3,1652970178.3799837
26,4,-12,-17,-2,-23,-25,-1,1652970178.3799837
5,1,15,2,-25,-15,11,5,1652970178.3799837
0,2,-13,10,-16,3,-2,3,1652970178.3799837
-33,-9,-6,-8,10,-17,7,-1,1652970178.4039254
-15,-6,-18,-28,-14,16,29,3,1652970178.4039254
17,2,24,19,37,7,-17,15,1652970178.405914
0,-6,-24,-9,-26,-2,-8,-7,1652970178.405914
5,5,10,11,1,15,9,-6,1652970178.4238334
2,1,10,8,20,-1,-42,-10,1652970178.4238334
-12,-7,-14,-27,-24,-11,4,4,1652970178.4258606
36,7,13,17,13,11,-4,-1,1652970178.4258606
13,8,3,15,-6,-8,3,15,1652970178.4430285
-37,-15,-9,-39,-32,2,13,-5,1652970178.4509978
-10,3,24,14,13,-6,-13,-1,1652970178.4509978
-6,2,37,108,11,-6,3,2,1652970178.4509978
-14,-5,-10,-66,-13,11,18,-10,1652970178.4761822
16,1,7,11,-7,-2,-55,3,1652970178.4761822
3,10,19,-19,-15,9,9,-6,1652970178.4761822
-4,-3,-27,-22,18,24,-24,-2,1652970178.4761822
13,1,0,5,-44,-34,-7,-5,1652970178.5091994
20,-3,-11,-50,11,-11,27,5,1652970178.5091994
-35,-16,-32,6,5,23,-18,-11,1652970178.5091994
-7,11,29,47,-3,-14,-11,-13,1652970178.5091994
11,-3,-16,4,11,-14,12,17,1652970178.5201502
-11,-9,13,-8,-6,18,-11,-3,1652970178.5201502
8,5,-11,-22,18,-3,10,-1,1652970178.5201502
-17,-14,-19,-44,-37,17,24,-8,1652970178.5201502
-4,-8,-11,0,-11,-28,-47,-14,1652970178.5201502
3,-8,-32,-2,-14,-12,41,0,1652970178.5201502
-3,12,43,25,22,6,-16,1,1652970178.5201502
2,1,5,-10,2,-17,1,5,1652970178.5201502
18,3,17,26,19,15,5,-4,1652970178.543085
-9,-2,-10,14,2,8,2,2,1652970178.543085
-1,-6,4,8,-7,-17,-24,-8,1652970178.543085
-3,-1,-11,1,17,11,-5,-2,1652970178.543085
12,3,2,13,0,19,25,6,1652970178.563004
-5,0,6,12,-11,-30,-21,-7,1652970178.563004
-9,1,-10,-39,17,22,52,-3,1652970178.563004
2,0,2,-21,-16,-43,-31,4,1652970178.563004
-2,-4,-3,-2,-11,1,-9,-6,1652970178.5789921
-10,-2,-4,30,15,45,2,-4,1652970178.5789921
17,-1,-8,5,18,1,9,6,1652970178.5789921
-22,-6,-13,-11,-13,-60,-6,-10,1652970178.5789921
-5,-1,2,-5,-24,-21,18,4,1652970178.603928
10,6,-12,-30,-6,4,-11,-2,1652970178.603928
8,-1,-22,-22,-13,-1,-12,1,1652970178.603928
-1,-4,22,76,31,-2,-43,-2,1652970178.603928
-3,6,29,-4,5,31,23,8,1652970178.6178906
-13,-4,-11,-2,-14,-35,4,12,1652970178.6178906
11,-2,-14,-28,16,18,15,0,1652970178.6298575
-5,-1,-9,-25,-7,-7,6,-3,1652970178.6328163
-1,-4,-9,3,-19,7,-5,-2,1652970178.6408267
18,5,10,20,49,23,-9,0,1652970178.6408267
-5,-3,-18,-59,-39,15,35,-4,1652970178.6408267
3,3,2,21,-33,-12,21,13,1652970178.6408267
-28,-7,2,12,26,-8,-13,-1,1652970178.6647322
7,1,1,-19,-9,-12,9,1,1652970178.6647322
1,-5,-9,41,15,-42,-51,-4,1652970178.6647322
2,-3,-17,-30,28,25,19,2,1652970178.6647322
2,-1,-9,-2,0,18,23,0,1652970178.684719
0,-4,-8,-41,-43,-16,-54,-17,1652970178.684719
0,11,48,51,1,-49,-18,7,1652970178.684719
-11,2,-10,-33,3,44,32,10,1652970178.684719
24,8,1,-29,-33,-10,10,13,1652970178.7006726
-18,-4,1,21,39,4,3,-10,1652970178.7006726
-5,-6,-21,5,-29,6,-16,-9,1652970178.7006726
10,-2,-6,-1,-14,5,18,3,1652970178.7006726
-7,-2,6,5,11,-6,-28,-11,1652970178.724608
29,9,9,-3,7,15,26,1,1652970178.7286053
16,-1,-27,-23,13,48,-26,13,1652970178.7286053
-39,-3,27,62,9,-69,-32,-27,1652970178.7286053
-18,-10,-27,-47,-5,14,-2,14,1652970178.7375817
9,9,20,7,-24,-26,7,12,1652970178.7375817
-20,-7,12,25,1,-14,-17,-8,1652970178.745549
11,-2,-31,-27,5,29,-3,-7,1652970178.745549
21,1,-5,-13,7,-22,-4,3,1652970178.7605073
0,3,9,19,8,9,2,-9,1652970178.7605073
6,-9,-30,-36,-13,7,16,4,1652970178.7605073
12,2,-2,-13,-41,10,18,13,1652970178.7605073
-19,13,30,39,53,11,-8,-15,1652970178.816896
8,1,20,45,12,14,30,13,1652970178.816896
-6,7,34,-6,-37,5,4,-8,1652970178.816896
8,-10,-27,-48,-20,-15,-20,-1,1652970178.816896
1,5,47,70,-2,-10,7,0,1652970178.816896
16,0,-8,4,9,9,-1,2,1652970178.816896
-44,-13,-4,33,-7,-1,1,-13,1652970178.816896
-4,-1,1,8,20,10,29,6,1652970178.816896
4,-5,-15,-72,9,15,-21,-9,1652970178.8501997
-32,-6,-14,-2,-35,-35,-14,-6,1652970178.8501997
24,9,21,6,18,9,7,8,1652970178.8501997
-9,2,8,-22,9,4,6,-6,1652970178.8521957
-4,-7,-16,-7,5,-4,-14,-6,1652970178.8521957
9,-6,-16,30,-2,14,2,-3,1652970178.8521957
10,5,0,-13,7,-1,-4,2,1652970178.8521957
5,8,12,-4,-2,-3,-24,-1,1652970178.8521957
5,-6,-18,15,-15,-8,16,10,1652970178.861171
-57,-17,-1,1,13,0,14,-17,1652970178.861171
-12,7,20,12,-19,-30,-31,-10,1652970178.861171
19,5,0,7,7,44,32,19,1652970178.861171
13,-4,-14,-26,-10,-2,-14,-10,1652970178.9260154
-1,-1,-32,-19,12,-15,28,3,1652970178.9260154
-9,2,32,27,-19,-7,-20,-13,1652970178.9260154
3,-10,-43,-55,3,-5,-2,-5,1652970178.9260154
25,19,52,78,8,-13,-25,-12,1652970178.9260154
-1,6,28,24,-14,23,30,10,1652970178.9260154
-19,-7,-30,-44,22,-17,5,2,1652970178.9260154
8,-8,-7,-6,-11,3,21,9,1652970178.9260154
12,-4,-33,-17,-23,-21,-9,-6,1652970178.9260154
10,8,12,-8,-7,4,-20,0,1652970178.9260154
-23,-4,10,18,35,12,17,-8,1652970178.9471536
-23,-11,-16,-12,-70,-47,-31,-10,1652970178.9471536
-7,-3,-10,-72,35,14,21,3,1652970178.9571636
-4,-7,-26,47,13,16,13,-8,1652970178.9571636
23,18,64,47,-27,-37,-39,4,1652970178.9571636
2,1,3,6,32,20,14,1,1652970178.9571636
5,-1,3,23,-1,-15,12,6,1652970178.9651456
38,6,-5,-32,25,16,-23,-3,1652970178.979862
-15,-18,-51,-7,15,33,50,30,1652970178.979862
-21,-7,5,-27,-19,-18,-12,-2,1652970178.979862
-9,7,9,18,-22,-12,-40,4,1652970178.9898741
2,-2,-9,-18,-3,1,11,2,1652970178.9898741
23,10,27,46,20,22,11,-1,1652970179.0131721
14,3,-3,9,51,35,-24,-1,1652970179.0131721
2,-5,-7,-40,-38,-17,13,-6,1652970179.0261276
1,-2,15,3,-16,-69,-46,-3,1652970179.0261276
-23,-13,-28,-8,3,8,-5,-10,1652970179.0261276
-8,5,14,3,-21,-4,37,0,1652970179.0261276
-16,-13,-33,-5,30,3,5,-14,1652970179.0261276
21,2,10,20,10,7,-5,-4,1652970179.0261276
32,10,9,-32,-13,21,54,1,1652970179.0261276
-24,-9,-20,-54,-7,-22,-25,-4,1652970179.0261276
-8,-11,10,58,-1,19,15,4,1652970179.0360875
-6,7,22,-4,-12,-15,-58,-7,1652970179.0360875
-2,-3,-6,-24,9,-14,9,-19,1652970179.044033
10,4,-10,36,11,-8,4,8,1652970179.044033
-24,1,16,3,31,-15,-29,5,1652970179.0629828
-10,-2,0,-24,-29,43,12,3,1652970179.0629828
8,-8,-22,20,21,-13,-5,-6,1652970179.0629828
22,13,37,-34,-20,8,-5,8,1652970179.0629828
17,1,-11,32,3,23,21,16,1652970179.0879507
-28,-13,-3,-19,1,-26,2,-14,1652970179.0879507
-7,2,3,-8,-21,15,1,7,1652970179.0939734
12,-5,-32,-25,12,-3,26,-20,1652970179.0939734
-17,14,40,29,-17,-6,-32,-3,1652970179.095967
8,-1,5,19,29,11,10,18,1652970179.095967
2,-5,-13,-1,3,-29,-46,-9,1652970179.1039453
19,-5,0,25,27,-11,-18,2,1652970179.1039453
9,4,5,-24,-48,15,37,1,1652970179.1229014
-55,-6,2,-6,-22,-24,-11,-14,1652970179.1229014
-8,3,5,9,-2,16,18,13,1652970179.1229014
16,8,27,79,36,-4,-3,8,1652970179.1229014
15,-10,-37,-57,3,-35,-10,-10,1652970179.1458316
-2,6,18,3,-10,40,65,11,1652970179.1458316
1,4,1,-1,4,-26,-31,-2,1652970179.1911166
-6,0,10,1,-21,38,-6,-4,1652970179.1911166
0,-5,-14,1,10,-27,-5,-3,1652970179.2190547
24,-1,-6,-32,14,42,42,10,1652970179.2190547
-13,-4,-11,38,1,-29,-28,6,1652970179.2190547
-21,13,54,49,-25,-29,-12,-4,1652970179.2190547
-5,4,7,-20,-36,12,7,-6,1652970179.2190547
-2,-2,-14,1,22,-21,-43,-9,1652970179.2190547
21,-5,-40,-45,6,53,58,14,1652970179.2190547
-7,-11,0,-12,-44,-52,-8,1,1652970179.2190547
1,-9,-45,8,50,10,-6,-1,1652970179.2200527
5,11,33,8,-12,-9,-10,-1,1652970179.2200527
-9,-5,8,7,-5,-8,-52,-12,1652970179.2200527
6,-5,-16,-15,0,19,20,7,1652970179.2200527
-15,5,3,-38,14,21,10,-17,1652970179.2280588
19,0,7,76,25,-6,19,44,1652970179.2280588
-10,-3,-11,-71,-15,-5,9,-7,1652970179.2310545
3,-4,-11,-4,-11,-17,-10,-12,1652970179.2310545
22,0,3,15,-9,22,-31,2,1652970179.2390308
-24,-3,9,38,-10,-11,4,-6,1652970179.2390308
-4,2,18,4,-7,25,17,4,1652970179.2390308
-12,-1,-15,-4,30,28,-14,-8,1652970179.2390308
-17,-9,-15,-15,-18,-41,74,-5,1652970179.2659237
14,-6,-27,-31,14,10,-56,-2,1652970179.2659237
17,13,47,15,9,-22,4,12,1652970179.2659237
2,1,0,-4,-11,35,8,-9,1652970179.2659237
15,8,13,8,14,-1,1,8,1652970179.273937
-15,-7,-22,-24,-40,-20,-23,-7,1652970179.273937
-10,-14,-38,14,-16,-48,-16,-18,1652970179.287866
8,1,25,-13,35,0,15,11,1652970179.2898982
-29,-5,7,22,-31,21,-10,-12,1652970179.2978773
1,-2,3,-5,17,15,43,5,1652970179.2978773
32,10,14,-25,-1,6,-43,2,1652970179.3058515
-3,6,-3,-11,14,19,23,5,1652970179.3058515
-16,-5,-17,-28,-17,-13,-33,-7,1652970179.325807
23,3,9,9,-7,21,-4,-7,1652970179.325807
-4,-4,-9,18,-5,-8,41,5,1652970179.325807
6,-4,-23,-25,12,-17,-6,1,1652970179.325807
-8,-5,1,57,26,22,2,10,1652970179.3397448
-22,-1,9,-36,3,5,-8,-19,1652970179.3397448
2,-3,-3,3,-15,2,-1,7,1652970179.392071
-7,1,6,10,-6,-19,-6,-8,1652970179.392071
16,4,-5,-36,-3,6,57,11,1652970179.4060361
22,-6,-36,8,30,-12,-21,-2,1652970179.4070334
9,2,31,1,-25,17,-7,7,1652970179.4070334
-26,-3,-6,-28,-38,2,-2,-7,1652970179.4070334
-40,-10,-2,21,13,-14,4,-4,1652970179.4070334
-8,0,-9,0,-16,4,-3,-3,1652970179.4070334
14,-2,-21,-53,-14,1,13,-1,1652970179.4070334
16,-2,-21,22,29,11,8,4,1652970179.4070334
17,12,38,-3,9,6,-10,18,1652970179.4261293
-13,-8,-12,-24,-37,-19,23,-7,1652970179.4261293
-17,-8,-2,41,28,2,-41,-11,1652970179.4261293
-7,-12,-24,-11,6,-7,14,-11,1652970179.4261293
5,7,34,38,-2,3,-48,-8,1652970179.4341059
2,6,9,-31,-31,-31,8,16,1652970179.4341059
8,3,-17,6,-8,15,34,-1,1652970179.4341059
4,-5,-8,-13,9,6,-23,-6,1652970179.4341059
15,5,1,-18,-16,-13,-16,0,1652970179.4430816
-14,-2,7,39,24,12,10,-4,1652970179.4430816
-17,-5,-10,-52,-23,-2,-1,-2,1652970179.4430816
12,4,6,23,4,9,-5,15,1652970179.4430816
-7,-2,-13,-32,10,-1,46,-4,1652970179.5051372
-8,-8,-21,3,-5,-27,-65,-7,1652970179.5051372
-12,13,71,79,59,28,31,-13,1652970179.5051372
-7,1,7,-1,-29,5,-28,6,1652970179.5051372
7,-6,-22,-20,-36,-72,-18,3,1652970179.5181432
12,14,47,15,20,10,12,3,1652970179.5181432
-7,-11,-47,-11,-11,-9,11,-7,1652970179.5181432
7,-1,-2,0,2,20,11,-11,1652970179.5181432
6,2,5,-3,17,23,-20,8,1652970179.5181432
-18,-9,-12,-24,-17,-16,-16,0,1652970179.5181432
-4,-3,9,16,-4,29,-11,-1,1652970179.5181432
27,18,27,5,-19,-2,6,7,1652970179.5181432
-17,-16,-21,7,2,-5,-8,-1,1652970179.5470364
-7,-6,-3,2,4,24,33,0,1652970179.5470364
7,-1,7,8,9,-16,2,-1,1652970179.5470364
-9,-3,-19,-1,12,-6,-1,1,1652970179.5470364
13,3,-6,-27,-3,-12,-37,-4,1652970179.5470364
6,2,-7,-9,-4,27,21,-13,1652970179.5470364
-5,-8,-30,-22,-35,-64,0,-8,1652970179.5560324
5,-8,8,22,6,-13,9,12,1652970179.558002
-11,-1,-8,50,7,-10,-22,-7,1652970179.5640228
6,4,16,-19,-1,39,20,6,1652970179.5640228
2,-8,-35,-64,5,6,1,-7,1652970179.5670106
9,5,7,15,1,-23,-17,1,1652970179.5670106
9,1,12,29,-7,19,15,-8,1652970179.5919423
-17,-3,-2,6,10,-13,-4,0,1652970179.5919423
-10,3,13,15,22,12,-6,4,1652970179.5942383
-11,-1,-19,-62,-13,-1,24,3,1652970179.5942383
1,2,35,45,-11,9,-3,-1,1652970179.6021702
28,3,-8,59,39,-22,-21,-5,1652970179.6021702
26,5,16,-40,-42,-6,-10,3,1652970179.6081874
-49,-19,-17,18,15,-14,-16,-11,1652970179.6081874
-18,-3,-19,-86,-24,19,36,2,1652970179.6241367
16,5,-10,-11,-1,-5,-1,7,1652970179.6241367
-5,6,12,34,-14,4,9,5,1652970179.6261382
18,-1,-1,26,1,6,-17,-2,1652970179.6261382
-11,-6,-24,-81,1,1,7,-7,1652970179.6460881
-25,-1,-3,37,-13,-17,-13,-1,1652970179.6460881
3,-5,-26,-37,38,0,-1,4,1652970179.6460881
6,7,49,74,-23,2,16,-6,1652970179.6460881
4,-1,7,-1,13,5,-46,0,1652970179.6630073
8,-4,-14,-31,19,4,9,4,1652970179.6630073
-16,0,-15,-21,-29,21,16,-3,1652970179.6690252
-8,5,23,-8,-3,-26,-29,-6,1652970179.6710174
17,-2,-18,25,-5,5,15,7,1652970179.7264655
6,0,10,-12,-15,-13,-12,0,1652970179.7264655
8,-2,-7,-6,7,-7,15,3,1652970179.7294545
0,3,-17,-25,23,52,-14,-3,1652970179.7294545
-23,-1,24,49,-14,-40,14,-16,1652970179.7294545
-1,-3,-20,-50,15,-2,-37,5,1652970179.7294545
27,-1,6,48,-21,-41,1,4,1652970179.7294545
-14,-5,0,13,16,26,-4,-16,1652970179.7294545
-1,0,-3,-19,-11,-9,33,11,1652970179.7294545
-11,4,19,-3,-24,-3,-11,-8,1652970179.7294545
-3,-1,-4,-25,-6,1,1,0,1652970179.7294545
5,-7,-31,-28,-1,26,6,8,1652970179.7294545
-1,6,17,42,-14,-7,-12,-9,1652970179.7618244
8,0,-1,9,20,4,18,0,1652970179.7618244
2,4,-6,-61,44,17,-23,2,1652970179.7618244
0,1,22,72,-74,-34,25,-2,1652970179.7618244
29,0,-11,-2,15,-17,-8,6,1652970179.767807
-1,0,3,-24,-40,-22,14,10,1652970179.7698023
-41,-10,9,29,52,20,-1,-4,1652970179.7698023
-24,-10,-18,-29,-3,-35,-26,-16,1652970179.7698023
4,-2,5,-5,-1,22,32,16,1652970179.777781
14,1,0,-7,-13,1,16,-5,1652970179.777781
7,1,-23,15,6,6,-20,2,1652970179.78576
28,21,27,-24,17,-21,5,14,1652970179.78576
-31,-8,-5,-7,2,11,-19,-17,1652970179.8017173
-5,-1,12,2,-43,-23,16,-5,1652970179.8017173
-9,3,22,56,17,23,-64,-1,1652970179.8017173
14,0,-9,0,32,13,14,12,1652970179.8017173
31,11,4,-29,-1,0,12,12,1652970179.8306391
-30,-16,-23,-14,15,5,-7,-13,1652970179.8306391
4,9,32,38,-27,25,15,-13,1652970179.8306391
1,4,6,-21,-14,-38,9,-2,1652970179.8306391
-28,-16,-23,5,57,23,-40,-13,1652970179.8386161
-11,-3,-3,-53,-24,-13,-1,9,1652970179.8386161
2,-3,-8,26,15,-9,14,-7,1652970179.8455973
-12,1,25,36,-3,15,-39,-1,1652970179.8455973
24,9,2,4,-2,-1,29,2,1652970179.8615234
23,2,11,24,9,33,-10,-3,1652970179.8615234
-16,-8,-29,-44,-23,-23,3,-1,1652970179.8675075
-11,-4,10,23,33,20,-2,1,1652970179.8675075
15,-2,-9,-25,-2,36,45,22,1652970179.9190533
3,2,14,18,-1,-11,-8,-1,1652970179.9190533
-11,-4,-15,-43,-21,-63,8,-8,1652970179.9190533
-13,-6,-32,-34,-8,3,21,-9,1652970179.9190533
0,8,38,62,-16,-11,-35,-4,1652970179.9190533
11,3,11,13,29,30,38,-4,1652970179.9190533
-5,-3,6,23,-7,22,-32,5,1652970179.9190533
3,-7,-32,-16,15,-38,-21,-10,1652970179.9190533
-8,1,-18,-2,-15,5,7,-2,1652970179.9466326
-6,-1,-2,-9,-15,-17,-11,3,1652970179.9466326
1,3,13,-2,22,14,34,12,1652970179.9496243
36,-5,-31,-21,-2,6,-11,24,1652970179.9496243
3,2,19,-2,23,-1,-14,-6,1652970179.951618
-28,-8,-9,16,-13,-14,6,-5,1652970179.951618
-1,3,20,40,-50,-52,2,-9,1652970179.951618
15,0,13,2,9,-8,1,-3,1652970179.951618
-11,0,8,25,-5,12,12,-12,1652970179.9675853
1,3,-30,-40,-8,7,15,8,1652970179.9675853
-4,-8,28,13,17,6,-12,2,1652970179.9675853
-6,6,-2,-52,-22,14,18,-3,1652970179.9675853
-4,-7,-17,8,32,-13,-7,-18,1652970179.982538
15,-2,-20,18,5,0,-17,10,1652970179.982538
20,7,-18,-15,-16,11,37,3,1652970179.982538
-13,-3,18,-8,-4,-30,-43,15,1652970179.982538
-18,-2,9,6,-28,0,-13,-1,1652970180.008467
42,16,45,42,16,11,-15,12,1652970180.008467
-22,-9,-18,21,14,-18,-23,-13,1652970180.008467
-22,-8,1,-10,-14,-3,14,-10,1652970180.008467
2,3,-22,-62,16,-1,-10,9,1652970180.0194483
4,-3,-18,-18,-13,7,-6,-7,1652970180.0194483
39,14,62,84,24,23,35,5,1652970180.0274162
-42,-6,-10,15,12,-15,2,-28,1652970180.0274162
-16,-13,-34,6,-19,59,12,12,1652970180.0473843
-10,-4,10,-58,-41,-31,33,-1,1652970180.0473843
11,-8,-20,-10,-11,-6,-18,-3,1652970180.0473843
6,13,31,18,20,5,1,-1,1652970180.0473843
8,0,8,-4,6,-5,-24,-4,1652970180.062342
19,-3,-20,-10,19,-52,-34,-8,1652970180.062342
-35,-1,5,3,3,14,23,-8,1652970180.071302
6,-15,-20,13,-6,-16,17,6,1652970180.071302
14,1,-18,1,-6,23,27,-6,1652970180.079277
-65,-17,-10,-1,-1,-35,-61,-8,1652970180.079277
8,-5,-27,-50,-2,-9,-33,12,1652970180.088256
16,11,18,34,14,42,34,13,1652970180.088256
12,2,1,-8,4,-25,-9,4,1652970180.115186
22,3,10,5,-7,28,9,-6,1652970180.115186
-3,7,-6,-44,-40,-22,-20,-9,1652970180.115186
-21,-7,-22,-41,-8,2,4,-6,1652970180.115186
3,-10,-29,-11,-10,-18,-10,-3,1652970180.1231673
33,27,64,93,48,34,13,9,1652970180.1231673
-9,-6,-11,-8,0,-18,36,10,1652970180.1291506
9,-4,-16,-14,-12,7,-62,-4,1652970180.1291506
-46,2,60,41,25,-28,4,-14,1652970180.1391158
-16,-17,-46,-59,4,68,40,-1,1652970180.1391158
5,7,31,12,-13,-37,-25,-8,1652970180.1520936
6,4,3,-10,-27,50,4,12,1652970180.1520936
18,0,-28,-55,-29,-40,-21,9,1652970180.1680408
-17,-12,-10,41,3,-13,-25,-23,1652970180.1680408
20,14,13,18,-6,27,73,16,1652970180.1760218
24,4,1,20,20,-27,5,-27,1652970180.1760218
-14,-5,12,-27,-15,2,-26,19,1652970180.1849966
-37,-14,-48,-6,48,29,9,6,1652970180.1849966
-16,1,48,34,-12,2,8,-10,1652970180.1849966
-3,-2,2,12,9,20,-8,-6,1652970180.1849966
18,-7,-14,-13,-17,-12,10,-8,1652970180.2039561
27,5,-10,-33,-3,3,-19,6,1652970180.2039561
-3,12,22,12,37,-32,11,6,1652970180.211925
-2,-7,-32,-11,-54,16,1,-19,1652970180.211925
33,11,-9,-6,41,36,47,0,1652970180.2199152
-11,-9,16,15,-43,-76,-44,6,1652970180.2199152
-30,-12,-20,-10,20,65,-7,-6,1652970180.227883
-22,-1,22,23,4,-21,13,14,1652970180.227883
-22,-13,-17,-24,-11,1,1,-11,1652970180.243872
6,4,16,52,9,16,34,-4,1652970180.243872
22,5,-15,-42,9,21,-4,4,1652970180.243872
6,-2,-26,-3,3,-25,-11,-1,1652970180.243872
-1,-8,13,8,6,14,-18,-4,1652970180.2628636
4,2,-13,-54,-80,-13,20,2,1652970180.2628636
3,-3,0,53,54,6,-48,-13,1652970180.2718306
-5,0,13,5,-16,4,8,24,1652970180.2718306
1,5,4,8,-13,-30,-6,-4,1652970180.2887855
10,7,6,-10,34,46,-3,-3,1652970180.2887855
-2,-8,-44,-32,-54,13,-24,-10,1652970180.2887855
-13,1,24,60,56,-57,30,7,1652970180.2887855
-5,-5,-27,-22,-5,-5,-49,-7,1652970180.3412454
-1,-2,-8,-7,9,-11,33,6,1652970180.3412454
-6,5,1,-71,-25,15,-5,-5,1652970180.3412454
22,0,15,46,7,34,-3,5,1652970180.3412454
-5,7,21,28,12,-46,13,6,1652970180.352193
-8,-9,-25,-54,-41,-10,-9,-4,1652970180.352193
10,-8,-15,27,0,3,3,11,1652970180.352193
2,-2,-19,-31,22,31,13,0,1652970180.352193
24,11,35,45,-20,-22,20,-3,1652970180.352193
-4,14,3,-11,20,-17,-48,-5,1652970180.352193
-14,-12,-11,-1,12,-15,19,7,1652970180.352193
13,-1,-3,-35,-5,-12,-26,8,1652970180.352193
-19,-12,-57,-35,-11,46,51,-9,1652970180.3671544
-15,18,85,70,-8,-10,1,-11,1652970180.3671544
-25,-8,10,17,43,-21,-19,4,1652970180.3691468
-12,-4,-19,-30,-14,47,50,-6,1652970180.3691468
19,2,-20,-56,-27,-37,-84,3,1652970180.3960748
17,11,85,109,24,28,34,6,1652970180.3960748
16,-4,-29,-35,-21,2,-28,-2,1652970180.3960748
-12,-1,16,-56,-35,-7,24,-12,1652970180.3960748
-13,-6,-24,0,65,16,-16,2,1652970180.405052
28,5,-19,-35,-10,15,6,-11,1652970180.405052
-10,4,20,21,1,-14,-13,4,1652970180.405052
-18,-15,-3,-10,46,31,26,4,1652970180.405052
-10,-2,11,25,-57,-42,11,-1,1652970180.4269993
-3,-6,-30,11,12,0,32,3,1652970180.4339414
29,5,-18,-2,13,-9,-31,-10,1652970180.4339414
35,1,-8,14,-16,5,-31,25,1652970180.4339414
-12,-4,2,6,63,9,15,11,1652970180.4674668
-2,0,-7,-36,-53,-5,-23,-19,1652970180.4674668
11,8,-15,-23,-19,17,11,1,1652970180.4674668
-33,-8,-14,-8,-25,-26,-19,-19,1652970180.4674668
-6,-2,14,9,9,8,44,12,1652970180.4774272
13,-8,-29,-52,43,19,-10,7,1652970180.4774272
10,3,16,60,-5,-29,-4,-11,1652970180.5011709
-7,5,24,79,19,10,9,19,1652970180.5011709
-16,-3,19,4,14,27,9,7,1652970180.5081542
-20,-13,-21,-72,-34,8,-43,-26,1652970180.5081542
16,-16,-65,-72,29,-22,8,19,1652970180.5081542
11,14,25,0,-44,15,-29,-20,1652970180.5081542
1,3,8,18,-7,-16,7,17,1652970180.5341957
2,-1,-34,-14,-3,13,18,-6,1652970180.5341957
12,5,22,50,15,17,33,1,1652970180.5341957
-39,-13,-1,0,-6,-37,-9,-3,1652970180.5341957
-17,1,11,15,17,30,-25,-10,1652970180.5431573
-9,-1,-4,-40,-42,-77,-1,5,1652970180.5431573
13,10,19,-8,5,22,-3,12,1652970180.5431573
21,10,11,4,22,-31,-17,-22,1652970180.5431573
1,-15,-19,12,-23,24,16,-8,1652970180.5491028
1,7,19,19,24,-52,-24,17,1652970180.5491028
5,-3,1,-7,15,34,10,4,1652970180.5491028
6,7,-11,-30,-22,29,15,-4,1652970180.551095
23,6,19,28,-51,-50,-57,5,1652970180.5670524
-12,-5,5,51,6,-9,17,2,1652970180.5670524
-53,-11,36,2,-23,-26,3,-17,1652970180.5670524
0,-2,6,1,20,13,-14,6,1652970180.5790248
2,-2,-26,-19,-3,-23,-29,-26,1652970180.5880313
19,4,-20,-32,26,35,22,13,1652970180.5880313
17,11,13,-24,-14,1,-8,7,1652970180.6131642
-14,0,2,12,31,63,-15,-14,1652970180.6131642
-1,6,17,-19,-1,29,40,4,1652970180.6230905
-10,-17,-24,11,25,-51,-8,-1,1652970180.6230905
-16,-4,12,55,-22,18,3,-22,1652970180.6230905
9,-3,-29,-57,-69,-20,-9,-1,1652970180.6230905
23,17,20,8,16,31,-16,15,1652970180.6311016
-26,-9,22,25,-24,5,-15,-13,1652970180.6311016
-20,-9,-23,-23,22,16,31,0,1652970180.6311016
11,3,-1,14,-11,-49,-1,-10,1652970180.6311016
10,-3,-9,-27,-8,39,39,4,1652970180.6470258
-8,-15,-48,-12,-5,30,13,8,1652970180.6470258
-7,10,44,-9,9,-10,-19,12,1652970180.6470258
-34,-9,-17,-5,14,-8,-37,-19,1652970180.6470258
-8,6,32,54,38,-7,-13,-10,1652970180.6670182
34,2,-14,-5,-9,39,85,10,1652970180.6670182
25,3,-19,11,-41,59,13,2,1652970180.6749861
-32,-8,13,6,37,-81,9,20,1652970180.6749861
-16,-7,-28,-50,-43,-55,-48,-24,1652970180.6919374
-2,9,32,29,35,24,11,14,1652970180.6919374
18,-7,-42,-62,-20,30,19,-6,1652970180.6919374
26,6,25,65,28,6,20,1,1652970180.6919374
-12,-4,0,-30,-26,-6,3,-4,1652970180.699927
-5,6,31,73,1,11,-50,-22,1652970180.699927
9,-5,-24,-26,17,-18,-1,13,1652970180.7472327
-14,-6,-6,-35,-6,-19,-18,-2,1652970180.7472327
-6,-8,-22,18,7,74,52,5,1652970180.7711837
4,1,-24,-24,45,43,22,-1,1652970180.7711837
-10,11,38,-12,-52,-121,-40,-22,1652970180.7711837
34,5,5,10,4,28,15,27,1652970180.7711837
16,5,16,-26,5,-12,23,-6,1652970180.7761695
-46,-7,7,18,-33,9,-28,1,1652970180.7761695
-34,-19,-37,-32,20,-36,-24,-8,1652970180.7761695
-21,2,15,49,10,34,30,-19,1652970180.7761695
17,-2,-10,11,7,-7,70,4,1652970180.7761695
29,0,-13,-16,16,-17,-52,4,1652970180.7761695
-12,-4,-24,-11,-9,66,11,2,1652970180.7861228
11,8,18,-6,-44,-25,-22,1,1652970180.7861228
14,5,3,-14,25,-23,-36,6,1652970180.788114
-4,1,7,-7,-20,-41,-5,4,1652970180.788114
10,-3,-13,-18,2,-10,-39,-5,1652970180.788114
16,1,-7,3,-1,94,37,3,1652970180.788114
2,3,31,49,16,-12,29,10,1652970180.8170476
-28,-7,-12,-15,9,-52,-21,4,1652970180.8170476
-33,-12,-9,17,-9,8,-3,-17,1652970180.8170476
16,-1,-32,-43,-22,-1,29,0,1652970180.8170476
8,2,23,12,-15,-49,-81,4,1652970180.8239849
6,6,9,-9,-1,29,21,-13,1652970180.8239849
-15,0,11,30,35,-12,30,7,1652970180.8329926
-4,2,6,-16,2,-23,-39,-21,1652970180.885361
-8,-9,-23,-23,16,40,37,24,1652970180.895368
16,-3,-14,18,-25,4,23,2,1652970180.895368
6,0,1,17,3,-9,-36,-16,1652970180.895368
3,-1,1,-11,-2,1,43,20,1652970180.895368
-10,5,6,-21,-28,-25,-34,-29,1652970180.895368
7,0,12,4,9,-14,-46,2,1652970180.895368
-10,-6,2,-5,4,58,59,-1,1652970180.895368
-9,-3,-21,-42,-9,-80,-30,-9,1652970180.895368
6,5,0,35,-10,-13,-30,3,1652970180.895368
1,-10,-6,-8,21,-41,1,-5,1652970180.895368
-3,9,39,54,-8,9,12,1,1652970180.895368
29,3,9,-56,15,35,-13,4,1652970180.895368
-32,-1,18,1,-45,-26,23,-5,1652970180.9213514
-12,2,-13,-15,-12,-5,-55,-4,1652970180.9213514
1,-2,-7,8,39,-10,-2,9,1652970180.9213514
2,-5,-16,7,11,-8,-1,1,1652970180.9213514
6,1,-8,0,1,35,10,-7,1652970180.9402478
23,4,-6,-44,-20,26,21,-2,1652970180.9793289
-5,-17,-39,29,-7,-1,-22,-6,1652970180.9793289
-18,-1,22,12,-1,-31,-3,2,1652970180.9793289
-4,7,-3,-13,27,23,-7,-6,1652970180.9793289
0,-6,8,33,-3,19,40,-1,1652970180.9793289
13,-6,-34,-13,4,-25,0,15,1652970180.9923382
10,15,40,-6,-8,-6,-54,-10,1652970180.9923382
-2,1,4,-22,-24,-36,-28,-9,1652970180.9923382
-13,2,-2,-3,27,11,32,10,1652970180.9923382
-12,-2,7,-49,-12,-3,10,-17,1652970180.9923382
2,-16,-36,42,7,15,9,16,1652970180.9923382
-5,-11,-29,-21,-2,7,-6,-1,1652970180.9943333
4,10,28,54,3,29,-7,-5,1652970180.9943333
17,-1,26,91,-9,-31,-14,16,1652970180.9943333
7,5,28,-27,-33,-19,23,-8,1652970180.9943333
-2,2,5,25,40,81,56,0,1652970181.0013077
-49,-16,-24,-104,-15,-41,0,-21,1652970181.0013077
3,5,-22,-50,-36,-2,-14,10,1652970181.0475361
-5,-12,-18,35,10,5,-4,3,1652970181.0475361
13,2,6,20,20,1,6,1,1652970181.0605397
44,4,-12,1,-8,19,13,2,1652970181.0605397
-36,0,9,-37,11,30,-6,-20,1652970181.0605397
-28,-16,-7,24,-9,-10,4,15,1652970181.0605397
-9,-8,-17,-28,-12,-41,7,20,1652970181.0605397
13,11,43,52,-20,-11,-34,11,1652970181.0605397
35,14,6,-8,-22,-7,3,-1,1652970181.0605397
3,-1,-23,-25,15,16,-10,-4,1652970181.0605397
-20,-5,9,63,30,-11,-20,-15,1652970181.0615377
-1,-10,-36,-84,-6,-18,-11,-2,1652970181.0615377
29,18,48,35,-35,4,21,9,1652970181.0695155
-6,2,-15,14,33,2,1,15,1652970181.0695155
-20,-12,-19,-25,-1,-2,17,-3,1652970181.0864365
8,8,-1,-29,-49,-18,-16,-1,1652970181.0864365
-17,-10,5,35,30,17,19,-6,1652970181.0864365
3,-1,-1,-16,-8,4,-35,-13,1652970181.0864365
9,-1,-2,14,-24,-19,-23,2,1652970181.1133642
4,2,-11,-4,40,37,56,15,1652970181.1133642
-15,-5,-2,-11,3,-39,-45,-10,1652970181.1133642
-3,13,19,8,30,-19,11,4,1652970181.1133642
4,-6,-10,31,11,17,25,1,1652970181.148048
-10,-8,12,30,-21,1,-23,-16,1652970181.148048
20,1,-13,-22,8,43,9,7,1652970181.148048
-9,-2,-19,-17,-16,-57,-7,-5,1652970181.148048
5,6,35,-5,-31,2,-5,-13,1652970181.148048
1,7,8,22,58,-18,-11,13,1652970181.148048
12,-6,10,10,-47,3,11,0,1652970181.148048
17,-6,-8,1,29,51,10,1,1652970181.148048
-13,8,5,-40,-20,-60,-10,-5,1652970181.1853967
-17,5,26,80,22,30,16,-6,1652970181.1853967
-4,-3,-31,-96,-39,-23,-11,8,1652970181.1853967
5,-4,-1,14,14,45,25,-1,1652970181.1853967
24,5,-14,-20,-36,10,8,13,1652970181.2501967
18,8,34,74,42,12,-1,0,1652970181.2501967
-28,-6,-15,-23,12,13,12,-14,1652970181.2551858
-15,-8,-22,4,-28,-34,16,1,1652970181.2551858
13,3,19,-14,20,-11,-16,-11,1652970181.2551858
-9,-8,-20,2,-13,-29,-23,14,1652970181.2551858
2,5,12,14,18,19,28,9,1652970181.2551858
2,-3,-5,21,-20,-21,-10,-5,1652970181.2551858
-20,-13,-34,-57,15,19,-11,-2,1652970181.2551858
8,1,-31,-64,-42,-19,-18,-15,1652970181.2551858
15,6,14,62,6,-14,-8,6,1652970181.2551858
-30,3,13,-37,-19,24,6,-14,1652970181.2551858
4,-4,-7,45,7,14,25,12,1652970181.3064013
-19,-9,1,-37,-4,19,24,-1,1652970181.3064013
-2,-5,-29,26,15,67,50,6,1652970181.3064013
5,6,43,23,-20,-107,-85,-7,1652970181.3064013
27,-3,-16,-39,-25,-24,-25,10,1652970181.3142512
-15,-5,15,37,11,17,21,-11,1652970181.3142512
19,2,-12,-51,13,-4,14,0,1652970181.3142512
4,0,-23,-15,2,28,21,-3,1652970181.3142512
-38,6,50,75,35,24,-1,-10,1652970181.3142512
10,2,-19,-12,-31,-23,31,5,1652970181.3142512
18,3,26,57,-2,-35,-77,-8,1652970181.3142512
-21,2,-9,-18,-9,28,10,3,1652970181.3142512
-5,-7,-23,-50,59,31,41,22,1652970181.3142512
0,0,25,10,-41,-16,-47,-4,1652970181.3142512
-10,0,10,-12,51,41,12,0,1652970181.3142512
19,-4,-13,-16,-40,41,36,-1,1652970181.3142512
2,-10,-41,-56,-40,-72,-77,-15,1652970181.347298
-7,-1,-10,11,-5,-10,17,12,1652970181.347298
-11,10,51,56,31,-34,-13,-4,1652970181.347298
13,-1,7,16,26,11,10,-9,1652970181.347298
8,3,-3,16,-3,29,-43,-2,1652970181.3721325
-3,-7,-18,-37,12,-8,-9,-14,1652970181.3721325
-35,-11,-36,-65,-27,-30,-25,-14,1652970181.3721325
22,15,22,33,17,16,40,34,1652970181.3721325
-4,4,24,5,-33,10,2,6,1652970181.380113
-1,-6,-24,-36,8,4,0,-10,1652970181.380113
2,-2,-14,4,-30,-16,-12,5,1652970181.380113
-13,-2,-8,-38,8,0,18,-14,1652970181.380113
7,-14,-10,18,24,-3,-49,-22,1652970181.401059
-1,6,7,62,1,-18,0,5,1652970181.4462607
-5,-2,-11,-25,20,29,7,-5,1652970181.4462607
-5,-7,-17,-14,3,28,-34,-10,1652970181.4462607
15,5,-3,10,-11,-25,51,13,1652970181.45527
9,-3,33,19,26,-18,-6,0,1652970181.45527
-23,3,23,-38,-70,-7,-23,-17,1652970181.45527
1,-1,-19,29,-24,-20,0,1,1652970181.45527
-13,3,37,25,45,28,7,0,1652970181.45527
2,5,12,34,-7,5,-14,-9,1652970181.45527
43,9,-4,-12,25,-17,30,25,1652970181.45527
5,-10,-19,-14,21,17,11,-14,1652970181.45527
-43,19,66,52,-33,-19,-27,11,1652970181.45527
6,-15,-24,-21,-2,-9,23,3,1652970181.45527
2,-1,20,16,19,-9,-16,1,1652970181.45527
-26,-8,-1,-47,0,-7,13,20,1652970181.45527
23,0,-34,19,6,39,58,-6,1652970181.469705
1,5,13,-26,36,33,-22,-4,1652970181.469705
3,-8,-20,19,-25,-21,17,23,1652970181.469705
-14,-7,0,-4,-4,-25,-38,-27,1652970181.469705
16,15,13,-33,-68,-4,33,8,1652970181.5301213
30,8,-9,0,14,28,5,2,1652970181.5301213
-22,-9,-21,37,36,-4,-14,-6,1652970181.5301213
-7,11,63,25,-2,3,28,17,1652970181.5301213
-2,-6,-14,3,54,-23,-20,-11,1652970181.5301213
2,-5,-8,-39,-36,-15,-14,1,1652970181.5301213
0,-1,-9,-6,2,28,5,-17,1652970181.5301213
5,0,-8,-4,-34,-9,-18,-5,1652970181.5301213
-2,-3,-20,-37,-6,23,-26,-23,1652970181.5797782
30,12,12,17,4,20,30,34,1652970181.5797782
-47,-14,0,-23,-3,-49,2,-25,1652970181.5797782
3,-9,-20,15,27,12,-13,4,1652970181.5797782
-18,-11,-44,-15,-13,-13,44,-16,1652970181.6077108
-19,-6,-2,-55,13,-11,-78,4,1652970181.6077108
21,11,34,41,-20,33,7,16,1652970181.6077108
-33,-9,-11,-11,-21,-34,1,-41,1652970181.6077108
28,-6,-25,12,54,17,-24,36,1652970181.6077108
-5,4,3,6,-91,-32,6,-7,1652970181.6077108
9,-3,-11,-1,32,12,-3,-7,1652970181.6077108
21,-3,-27,-87,5,-7,-24,13,1652970181.6077108
-17,-4,9,52,83,77,43,2,1652970181.6552012
-8,6,21,-1,-48,-10,-40,-2,1652970181.6552012
-10,8,23,29,22,-30,-8,-10,1652970181.6552012
8,2,-2,47,-25,24,12,-6,1652970181.6552012
5,-4,-5,-25,-42,-3,7,-1,1652970181.6900418
-5,1,16,24,13,-4,22,-7,1652970181.6900418
33,-5,-23,-45,1,8,21,32,1652970181.6900418
-5,-8,-20,-7,13,-4,-15,-5,1652970181.6900418
-41,-4,12,-8,-24,-29,2,-8,1652970181.6900418
25,12,43,55,46,19,-24,7,1652970181.6900418
18,5,-9,-47,-30,-9,-6,-12,1652970181.6900418
-26,-11,-11,27,6,2,34,7,1652970181.6900418
-2,-3,14,-15,-35,1,-54,-1,1652970181.6900418
-26,-6,-39,-17,28,-15,8,-40,1652970181.6900418
13,4,16,12,-9,-6,15,20,1652970181.6900418
43,6,7,14,16,-23,-25,11,1652970181.6900418
-41,-10,1,39,-22,-31,-15,-33,1652970181.7419438
-25,-18,-44,-82,-2,-10,-24,0,1652970181.7419438
-12,0,5,-26,-19,-1,-19,-16,1652970181.7419438
40,16,4,29,-19,17,29,23,1652970181.7419438
25,-2,3,-2,-62,-45,-16,-14,1652970181.7529488
-29,-17,-19,20,40,34,36,14,1652970181.7529488
-6,-1,-1,-28,-11,23,41,5,1652970181.7569013
-13,-2,-13,-10,28,-22,-18,-5,1652970181.7569013
39,19,34,-8,12,56,23,13,1652970181.7569013
-4,0,0,28,0,-20,16,-6,1652970181.7569013
-5,-4,-21,-21,3,8,-30,-5,1652970181.7569013
6,2,24,55,17,20,-6,31,1652970181.7569013
-2,3,-4,4,31,-13,1,-17,1652970181.7569013
-11,-4,7,-25,-103,17,27,-1,1652970181.7569013
20,4,-25,-26,30,-30,39,-1,1652970181.7569013
-32,-8,18,19,-21,-31,-71,-15,1652970181.7569013
-15,-20,-21,5,19,-6,-8,-13,1652970181.7569013
18,15,42,23,42,44,-22,23,1652970181.7569013
2,10,20,69,-27,-12,11,-10,1652970181.7569013
-16,-12,-28,-123,-54,-28,-12,-21,1652970181.7569013
-2,5,7,37,46,0,3,5,1652970181.786169
1,0,-38,-11,33,-16,-4,-11,1652970181.786169
3,-5,7,8,-17,10,16,-1,1652970181.786169
25,6,1,-14,-5,25,34,19,1652970181.786169
15,7,1,45,-51,10,-14,9,1652970181.8168604
-8,1,14,6,19,10,47,-1,1652970181.819889
1,-4,-18,-3,46,15,-34,-6,1652970181.819889
-16,-8,-29,-42,-2,10,27,-19,1652970181.819889
-13,-6,-18,-80,-18,-26,18,-7,1652970181.819889
4,-3,18,81,-18,-35,-70,-27,1652970181.819889
-7,2,19,19,-13,-16,8,8,1652970181.819889
1,-2,-5,23,39,18,-16,-9,1652970181.819889
20,1,-1,-16,-4,16,41,17,1652970181.8500013
-53,-15,-5,-11,-30,-21,8,-9,1652970181.8500013
-4,4,16,31,34,5,-33,-10,1652970181.8500013
8,6,21,-2,-24,5,54,6,1652970181.8500013
26,4,-29,-27,-29,1,-46,-9,1652970181.874105
-6,-13,-63,-90,47,-25,-13,-2,1652970181.874105
-3,-7,-41,-14,-44,39,-2,9,1652970181.874105
4,42,98,87,53,-15,-6,1,1652970181.874105
2,-9,0,-26,-13,-14,-6,51,1652970181.882087
16,-2,-7,-14,-41,10,24,-5,1652970181.882087
-7,-15,-37,21,50,80,42,11,1652970181.882087
9,-9,-15,-29,4,-72,-34,-14,1652970181.882087
-11,8,-6,-34,-40,-22,-30,-15,1652970181.8880696
-13,3,24,37,33,24,11,-6,1652970181.8880696
11,0,-8,-89,-21,-21,5,20,1652970181.8910618
15,-12,-26,95,13,-22,25,7,1652970181.8910618
-10,14,56,5,10,14,-28,-10,1652970181.9492378
6,-12,-36,-43,-10,2,-1,-2,1652970181.9492378
-27,1,28,6,1,-34,-8,2,1652970181.9492378
30,1,-27,-22,-10,22,-33,8,1652970181.9492378
-6,1,11,14,6,9,40,-1,1652970181.9492378
7,6,19,50,56,34,57,13,1652970181.9492378
-7,-4,-13,-12,-58,-44,-81,-5,1652970181.9492378
14,-5,-16,-13,14,-1,-8,-5,1652970181.9492378
-9,-18,-58,-64,-15,2,-4,-17,1652970181.9492378
25,36,89,98,17,7,41,29,1652970181.9492378
-19,-6,-14,-17,31,3,1,-30,1652970181.9492378
-7,-4,17,-32,-26,-5,1,1,1652970181.9492378
-30,3,1,10,8,35,-35,6,1652970182.0220988
16,-3,-20,-36,4,-8,18,15,1652970182.0220988
37,7,4,19,-6,7,-28,-5,1652970182.0220988
-19,-1,10,3,-15,20,2,-5,1652970182.0220988
-13,0,16,15,30,-12,23,1,1652970182.0220988
11,3,-10,-37,-48,-32,-27,15,1652970182.0220988
-13,-11,-19,-18,20,-6,2,-14,1652970182.0220988
-8,-4,-27,-26,-2,27,6,-12,1652970182.0220988
11,5,20,49,-1,20,35,-3,1652970182.0220988
13,-2,-4,12,6,-17,8,18,1652970182.0220988
-9,11,43,22,-24,-53,12,2,1652970182.0220988
-11,-5,2,-13,0,16,21,8,1652970182.0220988
-3,-9,-23,-18,15,-2,7,0,1652970182.042046
34,5,-8,-23,-23,15,-29,-24,1652970182.042046
-18,-10,-33,17,-4,17,7,-14,1652970182.042046
-25,-5,-6,-42,-3,-14,31,35,1652970182.042046
-1,-5,-13,29,-2,-27,-17,0,1652970182.0540874
0,-5,12,24,7,19,16,-10,1652970182.0540874
6,10,0,-33,9,-28,-106,-12,1652970182.0540874
-4,11,28,25,-3,110,71,2,1652970182.0540874
-11,-9,-18,-16,2,-93,-39,-6,1652970182.068087
-11,-10,-28,-5,-21,-14,-38,-15,1652970182.068087
5,-2,-3,-17,-4,-16,15,-2,1652970182.0700817
3,5,0,1,12,19,-3,-7,1652970182.0700817
16,13,51,16,43,40,21,-6,1652970182.0900276
15,2,-4,2,-12,19,-13,28,1652970182.0900276
21,5,7,49,25,16,28,8,1652970182.0900276
-5,-10,-6,-27,-40,-9,-8,-9,1652970182.0900276
-28,-5,2,-1,-4,-16,9,-10,1652970182.1059847
-43,0,2,8,12,-12,-49,-28,1652970182.1059847
7,-3,-5,-36,-22,-41,58,34,1652970182.1129677
8,4,12,47,15,16,-3,-15,1652970182.1129677
38,-7,-35,-6,-18,-39,-42,-5,1652970182.1279273
8,8,19,-34,6,35,49,24,1652970182.1339228
-16,-4,0,22,29,14,3,-5,1652970182.1339228
1,1,-3,-7,-19,-23,-30,-10,1652970182.1339228
-12,-8,-27,-10,-2,11,29,-2,1652970182.1508303
-5,5,19,-15,17,2,35,7,1652970182.1508303
-5,-6,-14,10,6,14,-2,-13,1652970182.1508303
13,4,25,29,-13,-16,-32,9,1652970182.1508303
9,0,-7,-42,0,19,26,24,1652970182.2043607
-4,-2,-9,-8,-28,-20,5,-13,1652970182.2043607
2,-3,-4,2,-2,21,1,-4,1652970182.2163632
-35,-10,-10,2,19,-31,-10,-2,1652970182.2163632
24,2,13,15,-10,21,-12,8,1652970182.2163632
-24,-10,-21,-8,-9,-24,-15,-19,1652970182.2163632
13,4,32,54,10,13,6,9,1652970182.2163632
-12,-8,-30,-49,23,11,12,-16,1652970182.2163632
19,11,10,36,-10,16,-25,17,1652970182.2163632
-5,4,14,-19,-9,-32,-18,-11,1652970182.2163632
-18,-1,-15,-3,4,5,-2,-12,1652970182.2163632
-10,-3,-9,1,23,14,45,25,1652970182.2163632
-8,-9,-27,-46,-33,-8,-1,-7,1652970182.233316
14,-4,-5,13,1,-5,45,2,1652970182.233316
20,4,-16,-62,-28,-11,-59,-3,1652970182.233316
6,9,70,92,11,-18,-16,-11,1652970182.233316
-35,-2,4,-6,41,-3,-9,-22,1652970182.2512667
-3,-6,-12,42,32,58,18,11,1652970182.2512667
8,-2,-6,-56,-50,-54,4,11,1652970182.2512667
10,0,-1,7,-14,-2,-9,-6,1652970182.2512667
6,0,-23,-14,-31,-12,5,0,1652970182.271181
-1,4,24,24,15,-16,-55,-21,1652970182.271181
10,-6,-4,19,58,33,67,18,1652970182.271181
19,5,-34,-24,-50,7,12,4,1652970182.271181
-36,-14,11,-32,-32,8,27,-16,1652970182.2941532
-7,1,-19,-33,-1,-28,-38,6,1652970182.2941532
-20,-11,-3,-55,-17,5,-21,-15,1652970182.2941532
2,-4,-15,97,33,-4,14,9,1652970182.2941532
22,16,32,-22,31,2,-12,-2,1652970182.3129418
-4,-1,3,-14,-30,40,43,0,1652970182.3129418
3,2,15,22,12,-29,-8,8,1652970182.3129418
6,-7,-45,-78,-27,-9,-30,-6,1652970182.3129418
2,2,20,48,-3,-9,-26,9,1652970182.3279364
-16,-14,-8,-1,11,-10,-21,-16,1652970182.3279364
11,7,-6,-3,-1,36,34,6,1652970182.3279364
-10,-4,9,2,11,-21,-22,0,1652970182.3279364
23,10,30,73,12,-21,5,24,1652970182.3518727
-4,-1,-4,-28,-38,4,19,-10,1652970182.3518727
-41,-8,5,22,22,-24,3,5,1652970182.3518727
-9,-1,-21,-61,-41,5,-8,-16,1652970182.3518727
4,-3,-16,12,26,22,4,-10,1652970182.3707857
42,3,-7,-4,11,-13,24,10,1652970182.3707857
-2,13,66,31,11,25,-23,-5,1652970182.3707857
-12,3,29,-18,1,-32,-20,18,1652970182.3707857
-24,-5,-19,40,43,27,14,-34,1652970182.3867753
-2,0,-5,-28,-42,14,-2,22,1652970182.3867753
4,-8,-21,17,-22,-49,8,-3,1652970182.3867753
5,7,8,-26,-4,-3,-14,1,1652970182.3867753
9,-3,-11,-13,-11,-3,15,3,1652970182.4270666
-8,-5,-21,-17,40,-3,-12,-7,1652970182.4270666
26,11,22,32,-15,48,0,-7,1652970182.4270666
-17,-5,-4,9,35,-21,21,-12,1652970182.4270666
-9,2,21,-24,-16,-22,-37,3,1652970182.4290943
2,-2,7,-3,-3,11,4,3,1652970182.4290943
-4,-7,-9,-6,-31,4,9,6,1652970182.4290943
5,0,-13,12,56,12,5,-19,1652970182.4290943
41,7,23,8,-8,19,-22,-6,1652970182.4550178
-1,-5,-10,-26,-46,-22,-9,13,1652970182.4550178
-61,0,32,61,-43,-30,11,-3,1652970182.4550178
-11,-14,-13,-3,-2,-11,-59,-7,1652970182.4550178
-27,-12,-20,-16,24,13,35,-4,1652970182.5096347
-13,4,-6,15,-19,-12,-5,-5,1652970182.5096347
44,1,-14,-4,45,15,-14,0,1652970182.5096347
-2,-2,-20,-35,-29,8,25,-22,1652970182.5096347
34,14,31,28,-24,-14,-11,28,1652970182.5096347
-17,-9,7,35,8,-18,-12,-6,1652970182.5096347
-18,-4,-10,-27,4,-8,7,-9,1652970182.5096347
1,3,8,27,41,4,-1,6,1652970182.5096347
-2,-12,-40,-51,-27,3,4,-2,1652970182.5096347
5,0,-3,20,5,-2,6,2,1652970182.5096347
5,-3,-9,-33,-7,2,5,5,1652970182.5096347
12,3,13,22,-1,-3,-13,6,1652970182.5096347
-13,-1,-12,-2,-7,-3,-2,-4,1652970182.5405533
-6,-9,-28,-34,32,4,19,-2,1652970182.5405533
2,-3,-27,-1,-22,12,-52,-18,1652970182.5405533
3,10,29,4,-2,0,25,38,1652970182.5405533
-8,-5,-14,-2,19,-3,18,1,1652970182.5770752
5,1,18,11,-4,2,-6,1,1652970182.5770752
2,-5,-20,-40,-21,-9,-7,-16,1652970182.5770752
-10,-1,-5,-2,-6,3,-7,13,1652970182.5770752
24,3,4,9,12,7,8,-16,1652970182.5770752
-6,-2,-13,-1,3,-1,0,-6,1652970182.5770752
4,0,7,7,4,1,-27,-3,1652970182.5770752
-1,3,8,-6,-20,-3,-8,-5,1652970182.5770752
-17,-1,1,-2,5,-6,-18,15,1652970182.600037
9,3,5,17,12,6,5,-22,1652970182.600037
2,3,4,1,-5,-2,24,22,1652970182.600037
11,-3,2,15,28,10,30,39,1652970182.600037
-13,-6,-10,-15,-4,-1,-1,-36,1652970182.6209264
-2,-2,3,-23,-13,3,-24,-48,1652970182.6209264
1,-8,8,17,13,-1,10,49,1652970182.6209264
-23,-13,-12,-4,-13,2,-11,9,1652970182.6209264
3,15,2,-14,-19,-4,4,13,1652970182.6359305
0,12,10,30,-3,5,36,32,1652970182.6359305
1,4,1,-35,14,-6,-13,-46,1652970182.6359305
-40,-16,-2,1,-26,-5,-44,-47,1652970182.6359305
61,-6,-24,2,59,6,-5,104,1652970182.6568308
16,12,2,-14,0,-3,2,-13,1652970182.6568308
13,7,3,36,45,5,-2,-1,1652970182.6941655
2,4,0,-33,-57,-4,9,-23,1652970182.6941655
-22,-5,8,5,-7,1,-23,-25,1652970182.7071626
-4,-10,-4,14,-2,-7,-13,14,1652970182.7071626
-12,-3,0,-12,-38,-1,-18,-2,1652970182.7071626
6,0,-2,7,18,1,7,-22,1652970182.7071626
-8,-3,0,14,-21,2,17,-15,1652970182.7071626
8,-6,2,-34,76,-1,-7,39,1652970182.7071626
-20,-3,3,4,-9,3,42,-12,1652970182.7071626
10,6,-8,15,-21,-15,-56,-26,1652970182.7071626
-8,2,1,-46,-90,3,11,-13,1652970182.7161362
-6,-3,11,100,78,6,-31,-17,1652970182.7161362
-8,-32,-11,-47,-17,-7,-5,28,1652970182.7161362
22,31,0,0,64,20,32,23,1652970182.7161362
-8,-7,-11,-77,-57,-10,13,-5,1652970182.7241142
-3,12,1,10,27,-3,-29,-22,1652970182.729101
-7,-9,-7,37,4,0,36,12,1652970182.729101
17,-5,3,34,14,3,23,16,1652970182.729101
-5,2,8,-19,-23,-3,19,-6,1652970182.7510543
-14,-8,-10,-18,-19,-4,-17,-5,1652970182.7510543
0,3,1,29,38,-3,-28,-12,1652970182.7590208
-3,-6,-3,-23,-38,-9,-1,-30,1652970182.7590208
22,10,5,43,-9,1,15,37,1652970182.8031924
-28,-24,3,-66,-20,0,2,-1,1652970182.8031924
15,21,-5,-43,7,4,16,8,1652970182.8031924
4,2,6,19,-28,1,25,20,1652970182.8031924
-9,-2,14,59,46,0,-24,-23,1652970182.8031924
6,-3,-7,21,-39,2,6,20,1652970182.8031924
-9,-2,-13,-26,-17,-33,-16,-38,1652970182.8031924
2,-7,-8,-20,-14,-15,2,-3,1652970182.8031924
-7,-5,-3,-13,24,18,1,-18,1652970182.824146
5,6,14,30,-46,-3,3,18,1652970182.8341105
1,4,12,29,34,15,-6,-3,1652970182.8341105
1,-5,-4,-23,5,-20,-7,2,1652970182.8341105
-8,1,4,-19,-20,-2,-3,-2,1652970182.853058
4,6,4,53,24,7,6,-3,1652970182.853058
0,-4,-19,-54,-24,-9,-10,1,1652970182.853058
-6,-8,-3,0,35,6,13,-3,1652970182.853058
-9,-1,-1,3,41,-4,0,-2,1652970182.853058
4,2,-2,-26,-59,2,9,-2,1652970182.853058
3,0,5,-37,-15,10,8,7,1652970182.8610284
0,3,4,-7,33,2,-18,0,1652970182.8610284
-8,-2,-1,77,4,-5,-8,-7,1652970182.8690066
4,-1,-12,-60,-45,-8,-1,-1,1652970182.8690066
-3,-2,1,63,17,1,-1,-1,1652970182.8690066
0,1,0,-45,-49,8,1,7,1652970182.8690066
-2,1,8,25,52,-1,3,1,1652970182.8959498
-1,-3,-6,1,-29,-8,-8,-9,1652970182.8959498
-1,-2,-5,10,22,4,-1,-1,1652970182.8959498
-1,-2,1,-6,3,18,-4,-3,1652970182.8959498
-3,-5,-7,19,-2,-44,-20,-2,1652970182.9039133
-1,0,-3,7,31,5,24,3,1652970182.9039133
0,2,0,-14,-56,-8,0,-2,1652970182.9168787
0,0,1,40,51,18,4,3,1652970182.9168787
0,3,6,-27,-7,4,-5,-2,1652970182.9268513
2,4,7,-18,6,-5,-5,0,1652970182.9328356
3,1,5,16,9,5,12,15,1652970182.9328356
-3,-3,3,33,0,-11,-21,-21,1652970182.9348338
-3,-1,2,6,11,10,-1,-5,1652970182.9940941
1,0,-6,-29,-26,-3,2,11,1652970182.9940941
0,0,3,-1,2,7,4,0,1652970182.9940941
2,-2,-3,-13,-34,-11,-4,6,1652970182.9940941
-6,-7,-17,-31,-20,1,1,-5,1652970182.9940941
0,2,5,13,13,-2,-6,-5,1652970182.9940941
0,3,7,8,22,6,2,-1,1652970182.9940941
-1,-1,4,75,-11,-1,-31,-9,1652970182.9940941
0,-3,-10,-78,-36,-12,2,-2,1652970182.9951158
-1,-6,-7,7,4,-3,0,0,1652970182.9951158
-1,-1,0,-13,-20,2,-9,-4,1652970182.9951158
1,3,6,-45,11,-5,8,3,1652970182.9951158
-2,-1,-1,21,-14,10,2,-3,1652970183.054825
0,0,3,37,-10,-15,-8,-4,1652970183.054825
-2,1,-5,-10,15,30,12,2,1652970183.054825
-1,-5,-2,48,37,-19,5,2,1652970183.054825
0,1,-2,-46,-2,5,6,7,1652970183.054825
3,-2,-7,-32,27,-2,-10,-9,1652970183.054825
0,3,5,7,-53,0,-7,-7,1652970183.054825
0,-2,-6,-23,-4,6,7,4,1652970183.054825
1,3,6,28,43,4,3,8,1652970183.054825
-3,-1,-3,-39,-27,0,-1,5,1652970183.054825
-1,-3,-9,-47,-29,-8,-11,-24,1652970183.054825
1,0,6,55,22,0,8,12,1652970183.054825
